This is pdfTeX, Version 3.14159265-2.6-1.40.20 (TeX Live 2019/Debian) (preloaded format=pdflatex 2024.3.18)  19 JUL 2024 16:09
entering extended mode
 restricted \write18 enabled.
 %&-line parsing enabled.
**General_Anzats.tex
(./General_Anzats.tex
LaTeX2e <2020-02-02> patch level 2
L3 programming layer <2020-02-14>
! Undefined control sequence.
l.1 \section
            {Gaussian Ansatz: General}
The control sequence at the end of the top line
of your error message was never \def'ed. If you have
misspelled it (e.g., `\hobx'), type `I' and the correct
spelling (e.g., `I\hbox'). Otherwise just continue,
and I'll forget about whatever was undefined.


! LaTeX Error: Missing \begin{document}.

See the LaTeX manual or LaTeX Companion for explanation.
Type  H <return>  for immediate help.
 ...                                              
                                                  
l.1 \section{G
              aussian Ansatz: General}
You're in trouble here.  Try typing  <return>  to proceed.
If that doesn't work, type  X <return>  to quit.

Missing character: There is no G in font nullfont!
Missing character: There is no a in font nullfont!
Missing character: There is no u in font nullfont!
Missing character: There is no s in font nullfont!
Missing character: There is no s in font nullfont!
Missing character: There is no i in font nullfont!
Missing character: There is no a in font nullfont!
Missing character: There is no n in font nullfont!
Missing character: There is no A in font nullfont!
Missing character: There is no n in font nullfont!
Missing character: There is no s in font nullfont!
Missing character: There is no a in font nullfont!
Missing character: There is no t in font nullfont!
Missing character: There is no z in font nullfont!
Missing character: There is no : in font nullfont!
Missing character: There is no G in font nullfont!
Missing character: There is no e in font nullfont!
Missing character: There is no n in font nullfont!
Missing character: There is no e in font nullfont!
Missing character: There is no r in font nullfont!
Missing character: There is no a in font nullfont!
Missing character: There is no l in font nullfont!

Overfull \hbox (20.0pt too wide) in paragraph at lines 1--2
[]
 []


! LaTeX Error: Missing \begin{document}.

See the LaTeX manual or LaTeX Companion for explanation.
Type  H <return>  for immediate help.
 ...                                              
                                                  
l.3 W
     e begin by using a Gaussian ansatz:
You're in trouble here.  Try typing  <return>  to proceed.
If that doesn't work, type  X <return>  to quit.

Missing character: There is no W in font nullfont!
Missing character: There is no e in font nullfont!
Missing character: There is no b in font nullfont!
Missing character: There is no e in font nullfont!
Missing character: There is no g in font nullfont!
Missing character: There is no i in font nullfont!
Missing character: There is no n in font nullfont!
Missing character: There is no b in font nullfont!
Missing character: There is no y in font nullfont!
Missing character: There is no u in font nullfont!
Missing character: There is no s in font nullfont!
Missing character: There is no i in font nullfont!
Missing character: There is no n in font nullfont!
Missing character: There is no g in font nullfont!
Missing character: There is no a in font nullfont!
Missing character: There is no G in font nullfont!
Missing character: There is no a in font nullfont!
Missing character: There is no u in font nullfont!
Missing character: There is no s in font nullfont!
Missing character: There is no s in font nullfont!
Missing character: There is no i in font nullfont!
Missing character: There is no a in font nullfont!
Missing character: There is no n in font nullfont!
Missing character: There is no a in font nullfont!
Missing character: There is no n in font nullfont!
Missing character: There is no s in font nullfont!
Missing character: There is no a in font nullfont!
Missing character: There is no t in font nullfont!
Missing character: There is no z in font nullfont!
Missing character: There is no : in font nullfont!

Overfull \hbox (20.0pt too wide) in paragraph at lines 3--4
[]
 []

LaTeX Font Info:    External font `cmex10' loaded for size
(Font)              <7> on input line 4.
LaTeX Font Info:    External font `cmex10' loaded for size
(Font)              <5> on input line 4.
! Undefined control sequence.
l.5     u(\vect
               {r}_{\perp},\vect{p}(z)) = I(\vect{p}) \exp{- \left(\Theta(\v...
The control sequence at the end of the top line
of your error message was never \def'ed. If you have
misspelled it (e.g., `\hobx'), type `I' and the correct
spelling (e.g., `I\hbox'). Otherwise just continue,
and I'll forget about whatever was undefined.

! Undefined control sequence.
l.5     u(\vect{r}_{\perp},\vect
                                {p}(z)) = I(\vect{p}) \exp{- \left(\Theta(\v...
The control sequence at the end of the top line
of your error message was never \def'ed. If you have
misspelled it (e.g., `\hobx'), type `I' and the correct
spelling (e.g., `I\hbox'). Otherwise just continue,
and I'll forget about whatever was undefined.

! Undefined control sequence.
l.5     u(\vect{r}_{\perp},\vect{p}(z)) = I(\vect
                                                 {p}) \exp{- \left(\Theta(\v...
The control sequence at the end of the top line
of your error message was never \def'ed. If you have
misspelled it (e.g., `\hobx'), type `I' and the correct
spelling (e.g., `I\hbox'). Otherwise just continue,
and I'll forget about whatever was undefined.

! Undefined control sequence.
l.5 ...z)) = I(\vect{p}) \exp{- \left(\Theta(\vect
                                                  {r}_{\perp},\vect{p}) + i ...
The control sequence at the end of the top line
of your error message was never \def'ed. If you have
misspelled it (e.g., `\hobx'), type `I' and the correct
spelling (e.g., `I\hbox'). Otherwise just continue,
and I'll forget about whatever was undefined.

! Undefined control sequence.
l.5 ... \exp{- \left(\Theta(\vect{r}_{\perp},\vect
                                                  {p}) + i \Phi(\vect{r}_{\p...
The control sequence at the end of the top line
of your error message was never \def'ed. If you have
misspelled it (e.g., `\hobx'), type `I' and the correct
spelling (e.g., `I\hbox'). Otherwise just continue,
and I'll forget about whatever was undefined.

! Undefined control sequence.
l.5 ...a(\vect{r}_{\perp},\vect{p}) + i \Phi(\vect
                                                  {r}_{\perp},\vect{p}) \rig...
The control sequence at the end of the top line
of your error message was never \def'ed. If you have
misspelled it (e.g., `\hobx'), type `I' and the correct
spelling (e.g., `I\hbox'). Otherwise just continue,
and I'll forget about whatever was undefined.

! Undefined control sequence.
l.5 ...},\vect{p}) + i \Phi(\vect{r}_{\perp},\vect
                                                  {p}) \right)}
The control sequence at the end of the top line
of your error message was never \def'ed. If you have
misspelled it (e.g., `\hobx'), type `I' and the correct
spelling (e.g., `I\hbox'). Otherwise just continue,
and I'll forget about whatever was undefined.


Overfull \hbox (201.96127pt too wide) detected at line 6
\OML/cmm/m/it/10 u\OT1/cmr/m/n/10 (\OML/cmm/m/it/10 r[]; p\OT1/cmr/m/n/10 (\OML
/cmm/m/it/10 z\OT1/cmr/m/n/10 )) = \OML/cmm/m/it/10 I\OT1/cmr/m/n/10 (\OML/cmm/
m/it/10 p\OT1/cmr/m/n/10 ) [] []
 []

Missing character: There is no N in font nullfont!
Missing character: There is no o in font nullfont!
Missing character: There is no w in font nullfont!
Missing character: There is no , in font nullfont!
Missing character: There is no l in font nullfont!
Missing character: There is no e in font nullfont!
Missing character: There is no t in font nullfont!
Missing character: There is no s in font nullfont!
Missing character: There is no c in font nullfont!
Missing character: There is no a in font nullfont!
Missing character: There is no l in font nullfont!
Missing character: There is no c in font nullfont!
Missing character: There is no u in font nullfont!
Missing character: There is no l in font nullfont!
Missing character: There is no a in font nullfont!
Missing character: There is no t in font nullfont!
Missing character: There is no e in font nullfont!
Missing character: There is no e in font nullfont!
Missing character: There is no a in font nullfont!
Missing character: There is no c in font nullfont!
Missing character: There is no h in font nullfont!
Missing character: There is no t in font nullfont!
Missing character: There is no e in font nullfont!
Missing character: There is no r in font nullfont!
Missing character: There is no m in font nullfont!
Missing character: There is no i in font nullfont!
Missing character: There is no n in font nullfont!
Missing character: There is no t in font nullfont!
Missing character: There is no h in font nullfont!
Missing character: There is no e in font nullfont!
Missing character: There is no L in font nullfont!
Missing character: There is no a in font nullfont!
Missing character: There is no g in font nullfont!
Missing character: There is no r in font nullfont!
Missing character: There is no a in font nullfont!
Missing character: There is no n in font nullfont!
Missing character: There is no g in font nullfont!
Missing character: There is no i in font nullfont!
Missing character: There is no a in font nullfont!
Missing character: There is no n in font nullfont!
Missing character: There is no d in font nullfont!
Missing character: There is no e in font nullfont!
Missing character: There is no n in font nullfont!
Missing character: There is no s in font nullfont!
Missing character: There is no i in font nullfont!
Missing character: There is no t in font nullfont!
Missing character: There is no y in font nullfont!
Missing character: There is no : in font nullfont!

! LaTeX Error: Environment split undefined.

See the LaTeX manual or LaTeX Companion for explanation.
Type  H <return>  for immediate help.
 ...                                              
                                                  
l.9     \begin{split}
                     
Your command was ignored.
Type  I <command> <return>  to replace it with another command,
or  <return>  to continue without it.

! Misplaced alignment tab character &.
l.10     \partial_{z}(u) &
                          = \left[ \frac{\nabla_{\vect{p}}{I}\cdot\vect{\dot...
I can't figure out why you would want to use a tab mark
here. If you just want an ampersand, the remedy is
simple: Just type `I\&' now. But if some right brace
up above has ended a previous alignment prematurely,
you're probably due for more error messages, and you
might try typing `S' now just to see what is salvageable.

! Undefined control sequence.
<argument> \nabla _{\vect 
                          {p}}{I}\cdot \vect {\dot {p}}
l.10 ...nabla_{\vect{p}}{I}\cdot\vect{\dot{p}}}{I}
                                                   - \nabla_{\vect{p}}{\Thet...
The control sequence at the end of the top line
of your error message was never \def'ed. If you have
misspelled it (e.g., `\hobx'), type `I' and the correct
spelling (e.g., `I\hbox'). Otherwise just continue,
and I'll forget about whatever was undefined.

! Undefined control sequence.
<argument> \nabla _{\vect {p}}{I}\cdot \vect 
                                             {\dot {p}}
l.10 ...nabla_{\vect{p}}{I}\cdot\vect{\dot{p}}}{I}
                                                   - \nabla_{\vect{p}}{\Thet...
The control sequence at the end of the top line
of your error message was never \def'ed. If you have
misspelled it (e.g., `\hobx'), type `I' and the correct
spelling (e.g., `I\hbox'). Otherwise just continue,
and I'll forget about whatever was undefined.

! Undefined control sequence.
l.10 ...{I}\cdot\vect{\dot{p}}}{I} - \nabla_{\vect
                                                  {p}}{\Theta}\cdot\vect{\do...
The control sequence at the end of the top line
of your error message was never \def'ed. If you have
misspelled it (e.g., `\hobx'), type `I' and the correct
spelling (e.g., `I\hbox'). Otherwise just continue,
and I'll forget about whatever was undefined.

! Undefined control sequence.
l.10 ...}{I} - \nabla_{\vect{p}}{\Theta}\cdot\vect
                                                  {\dot{p}} - i \nabla_{\vec...
The control sequence at the end of the top line
of your error message was never \def'ed. If you have
misspelled it (e.g., `\hobx'), type `I' and the correct
spelling (e.g., `I\hbox'). Otherwise just continue,
and I'll forget about whatever was undefined.

! Undefined control sequence.
l.10 ...heta}\cdot\vect{\dot{p}} - i \nabla_{\vect
                                                  {p}}{\Phi}\cdot\vect{\dot{...
The control sequence at the end of the top line
of your error message was never \def'ed. If you have
misspelled it (e.g., `\hobx'), type `I' and the correct
spelling (e.g., `I\hbox'). Otherwise just continue,
and I'll forget about whatever was undefined.

! Undefined control sequence.
l.10 ...{p}} - i \nabla_{\vect{p}}{\Phi}\cdot\vect
                                                  {\dot{p}} \right] u\\
The control sequence at the end of the top line
of your error message was never \def'ed. If you have
misspelled it (e.g., `\hobx'), type `I' and the correct
spelling (e.g., `I\hbox'). Otherwise just continue,
and I'll forget about whatever was undefined.

! Undefined control sequence.
l.11     \partial_{z}(u)\conj
                             {u} &= \left[ \frac{\nabla_{\vect{p}}{I}\cdot\v...
The control sequence at the end of the top line
of your error message was never \def'ed. If you have
misspelled it (e.g., `\hobx'), type `I' and the correct
spelling (e.g., `I\hbox'). Otherwise just continue,
and I'll forget about whatever was undefined.

! Misplaced alignment tab character &.
l.11     \partial_{z}(u)\conj{u} &
                                  = \left[ \frac{\nabla_{\vect{p}}{I}\cdot\v...
I can't figure out why you would want to use a tab mark
here. If you just want an ampersand, the remedy is
simple: Just type `I\&' now. But if some right brace
up above has ended a previous alignment prematurely,
you're probably due for more error messages, and you
might try typing `S' now just to see what is salvageable.

! Undefined control sequence.
<argument> \nabla _{\vect 
                          {p}}{I}\cdot \vect {\dot {p}}
l.11 ...nabla_{\vect{p}}{I}\cdot\vect{\dot{p}}}{I}
                                                   -\nabla_{\vect{p}}{\Theta...
The control sequence at the end of the top line
of your error message was never \def'ed. If you have
misspelled it (e.g., `\hobx'), type `I' and the correct
spelling (e.g., `I\hbox'). Otherwise just continue,
and I'll forget about whatever was undefined.

! Undefined control sequence.
<argument> \nabla _{\vect {p}}{I}\cdot \vect 
                                             {\dot {p}}
l.11 ...nabla_{\vect{p}}{I}\cdot\vect{\dot{p}}}{I}
                                                   -\nabla_{\vect{p}}{\Theta...
The control sequence at the end of the top line
of your error message was never \def'ed. If you have
misspelled it (e.g., `\hobx'), type `I' and the correct
spelling (e.g., `I\hbox'). Otherwise just continue,
and I'll forget about whatever was undefined.

! Undefined control sequence.
l.11 ...}{I}\cdot\vect{\dot{p}}}{I} -\nabla_{\vect
                                                  {p}}{\Theta}\cdot\vect{\do...
The control sequence at the end of the top line
of your error message was never \def'ed. If you have
misspelled it (e.g., `\hobx'), type `I' and the correct
spelling (e.g., `I\hbox'). Otherwise just continue,
and I'll forget about whatever was undefined.

! Undefined control sequence.
l.11 ...}}{I} -\nabla_{\vect{p}}{\Theta}\cdot\vect
                                                  {\dot{p}} - i \nabla_{\vec...
The control sequence at the end of the top line
of your error message was never \def'ed. If you have
misspelled it (e.g., `\hobx'), type `I' and the correct
spelling (e.g., `I\hbox'). Otherwise just continue,
and I'll forget about whatever was undefined.

! Undefined control sequence.
l.11 ...heta}\cdot\vect{\dot{p}} - i \nabla_{\vect
                                                  {p}}{\Phi}\cdot\vect{\dot{...
The control sequence at the end of the top line
of your error message was never \def'ed. If you have
misspelled it (e.g., `\hobx'), type `I' and the correct
spelling (e.g., `I\hbox'). Otherwise just continue,
and I'll forget about whatever was undefined.

! Undefined control sequence.
l.11 ...{p}} - i \nabla_{\vect{p}}{\Phi}\cdot\vect
                                                  {\dot{p}} \right] |u|^2 \\
The control sequence at the end of the top line
of your error message was never \def'ed. If you have
misspelled it (e.g., `\hobx'), type `I' and the correct
spelling (e.g., `I\hbox'). Otherwise just continue,
and I'll forget about whatever was undefined.

! Undefined control sequence.
l.12    -2 n_0 \alpha \Im{\partial_{z}(u)\conj
                                              {u}} &= 2 n_0 \alpha \left(\na...
The control sequence at the end of the top line
of your error message was never \def'ed. If you have
misspelled it (e.g., `\hobx'), type `I' and the correct
spelling (e.g., `I\hbox'). Otherwise just continue,
and I'll forget about whatever was undefined.

! Misplaced alignment tab character &.
l.12 ... n_0 \alpha \Im{\partial_{z}(u)\conj{u}} &
                                                  = 2 n_0 \alpha \left(\nabl...
I can't figure out why you would want to use a tab mark
here. If you just want an ampersand, the remedy is
simple: Just type `I\&' now. But if some right brace
up above has ended a previous alignment prematurely,
you're probably due for more error messages, and you
might try typing `S' now just to see what is salvageable.

! Undefined control sequence.
l.12 ...nj{u}} &= 2 n_0 \alpha \left(\nabla_{\vect
                                                  {p}}{\Phi}\cdot\vect{\dot{...
The control sequence at the end of the top line
of your error message was never \def'ed. If you have
misspelled it (e.g., `\hobx'), type `I' and the correct
spelling (e.g., `I\hbox'). Otherwise just continue,
and I'll forget about whatever was undefined.

! Undefined control sequence.
l.12 ...ha \left(\nabla_{\vect{p}}{\Phi}\cdot\vect
                                                  {\dot{p}}\right) |u|^2 \\
The control sequence at the end of the top line
of your error message was never \def'ed. If you have
misspelled it (e.g., `\hobx'), type `I' and the correct
spelling (e.g., `I\hbox'). Otherwise just continue,
and I'll forget about whatever was undefined.

! Misplaced alignment tab character &.
<recently read> &
                 
l.13    &
         = 2 n_0 \alpha \left(\nabla_{\vect{p}}{\Phi}\cdot\vect{\dot{p}}\rig...
I can't figure out why you would want to use a tab mark
here. If you just want an ampersand, the remedy is
simple: Just type `I\&' now. But if some right brace
up above has ended a previous alignment prematurely,
you're probably due for more error messages, and you
might try typing `S' now just to see what is salvageable.

! Undefined control sequence.
l.13    &= 2 n_0 \alpha \left(\nabla_{\vect
                                           {p}}{\Phi}\cdot\vect{\dot{p}}\rig...
The control sequence at the end of the top line
of your error message was never \def'ed. If you have
misspelled it (e.g., `\hobx'), type `I' and the correct
spelling (e.g., `I\hbox'). Otherwise just continue,
and I'll forget about whatever was undefined.

! Undefined control sequence.
l.13 ...ha \left(\nabla_{\vect{p}}{\Phi}\cdot\vect
                                                  {\dot{p}}\right) I^2(\vect...
The control sequence at the end of the top line
of your error message was never \def'ed. If you have
misspelled it (e.g., `\hobx'), type `I' and the correct
spelling (e.g., `I\hbox'). Otherwise just continue,
and I'll forget about whatever was undefined.

! Undefined control sequence.
l.13 ...{\Phi}\cdot\vect{\dot{p}}\right) I^2(\vect
                                                  {p})\exp{-2 \Theta(\vect{r...
The control sequence at the end of the top line
of your error message was never \def'ed. If you have
misspelled it (e.g., `\hobx'), type `I' and the correct
spelling (e.g., `I\hbox'). Otherwise just continue,
and I'll forget about whatever was undefined.

! Undefined control sequence.
l.13 ...}\right) I^2(\vect{p})\exp{-2 \Theta(\vect
                                                  {r}_{\perp},\vect{p})} \\
The control sequence at the end of the top line
of your error message was never \def'ed. If you have
misspelled it (e.g., `\hobx'), type `I' and the correct
spelling (e.g., `I\hbox'). Otherwise just continue,
and I'll forget about whatever was undefined.

! Undefined control sequence.
l.13 ...t{p})\exp{-2 \Theta(\vect{r}_{\perp},\vect
                                                  {p})} \\
The control sequence at the end of the top line
of your error message was never \def'ed. If you have
misspelled it (e.g., `\hobx'), type `I' and the correct
spelling (e.g., `I\hbox'). Otherwise just continue,
and I'll forget about whatever was undefined.


! LaTeX Error: \begin{equation} on input line 8 ended by \end{split}.

See the LaTeX manual or LaTeX Companion for explanation.
Type  H <return>  for immediate help.
 ...                                              
                                                  
l.14     \end{split}
                    
Your command was ignored.
Type  I <command> <return>  to replace it with another command,
or  <return>  to continue without it.


Overfull \hbox (706.94514pt too wide) detected at line 15
\OML/cmm/m/it/10 @[]\OT1/cmr/m/n/10 (\OML/cmm/m/it/10 u\OT1/cmr/m/n/10 ) = [] \
OML/cmm/m/it/10 u[] @[]\OT1/cmr/m/n/10 (\OML/cmm/m/it/10 u\OT1/cmr/m/n/10 )\OML
/cmm/m/it/10 u \OT1/cmr/m/n/10 = [] \OMS/cmsy/m/n/10 j\OML/cmm/m/it/10 u\OMS/cm
sy/m/n/10 j[][]  ^^@ \OT1/cmr/m/n/10 2\OML/cmm/m/it/10 n[]\OMS/cmsy/m/n/10 =[]
 \OT1/cmr/m/n/10 = 2\OML/cmm/m/it/10 n[] [] \OMS/cmsy/m/n/10 j\OML/cmm/m/it/10
 u\OMS/cmsy/m/n/10 j[][]  \OT1/cmr/m/n/10 = 2\OML/cmm/m/it/10 n[] [] I[]\OT1/c
mr/m/n/10 (\OML/cmm/m/it/10 p\OT1/cmr/m/n/10 ) [] [][] 
 []


! LaTeX Error: Environment split undefined.

See the LaTeX manual or LaTeX Companion for explanation.
Type  H <return>  for immediate help.
 ...                                              
                                                  
l.17     \begin{split}
                      
Your command was ignored.
Type  I <command> <return>  to replace it with another command,
or  <return>  to continue without it.

! Misplaced alignment tab character &.
l.18         \nabla_{\perp} u &
                               = -\left(\nabla_{\perp}\Theta(\vect{r}_{\perp...
I can't figure out why you would want to use a tab mark
here. If you just want an ampersand, the remedy is
simple: Just type `I\&' now. But if some right brace
up above has ended a previous alignment prematurely,
you're probably due for more error messages, and you
might try typing `S' now just to see what is salvageable.

! Undefined control sequence.
l.18 ...rp} u &= -\left(\nabla_{\perp}\Theta(\vect
                                                  {r}_{\perp},\vect{p}) + i ...
The control sequence at the end of the top line
of your error message was never \def'ed. If you have
misspelled it (e.g., `\hobx'), type `I' and the correct
spelling (e.g., `I\hbox'). Otherwise just continue,
and I'll forget about whatever was undefined.

! Undefined control sequence.
l.18 ...nabla_{\perp}\Theta(\vect{r}_{\perp},\vect
                                                  {p}) + i \nabla_{\perp}\Ph...
The control sequence at the end of the top line
of your error message was never \def'ed. If you have
misspelled it (e.g., `\hobx'), type `I' and the correct
spelling (e.g., `I\hbox'). Otherwise just continue,
and I'll forget about whatever was undefined.

! Undefined control sequence.
l.18 ...rp},\vect{p}) + i \nabla_{\perp}\Phi(\vect
                                                  {r}_{\perp},\vect{p}) \rig...
The control sequence at the end of the top line
of your error message was never \def'ed. If you have
misspelled it (e.g., `\hobx'), type `I' and the correct
spelling (e.g., `I\hbox'). Otherwise just continue,
and I'll forget about whatever was undefined.

! Undefined control sequence.
l.18 ... \nabla_{\perp}\Phi(\vect{r}_{\perp},\vect
                                                  {p}) \right) u \\
The control sequence at the end of the top line
of your error message was never \def'ed. If you have
misspelled it (e.g., `\hobx'), type `I' and the correct
spelling (e.g., `I\hbox'). Otherwise just continue,
and I'll forget about whatever was undefined.

! Misplaced alignment tab character &.
l.19     -|\nabla_{\perp} u|^2 &
                                = - \left(|\nabla_{\perp}\Theta(\vect{r}_{\p...
I can't figure out why you would want to use a tab mark
here. If you just want an ampersand, the remedy is
simple: Just type `I\&' now. But if some right brace
up above has ended a previous alignment prematurely,
you're probably due for more error messages, and you
might try typing `S' now just to see what is salvageable.

! Undefined control sequence.
l.19 ...|^2 &= - \left(|\nabla_{\perp}\Theta(\vect
                                                  {r}_{\perp},\vect{p})|^2 +...
The control sequence at the end of the top line
of your error message was never \def'ed. If you have
misspelled it (e.g., `\hobx'), type `I' and the correct
spelling (e.g., `I\hbox'). Otherwise just continue,
and I'll forget about whatever was undefined.

! Undefined control sequence.
l.19 ...nabla_{\perp}\Theta(\vect{r}_{\perp},\vect
                                                  {p})|^2 + |\nabla_{\perp}\...
The control sequence at the end of the top line
of your error message was never \def'ed. If you have
misspelled it (e.g., `\hobx'), type `I' and the correct
spelling (e.g., `I\hbox'). Otherwise just continue,
and I'll forget about whatever was undefined.

! Undefined control sequence.
l.19 ...},\vect{p})|^2 + |\nabla_{\perp}\Phi(\vect
                                                  {r}_{\perp},\vect{p})|^2 \...
The control sequence at the end of the top line
of your error message was never \def'ed. If you have
misspelled it (e.g., `\hobx'), type `I' and the correct
spelling (e.g., `I\hbox'). Otherwise just continue,
and I'll forget about whatever was undefined.

! Undefined control sequence.
l.19 ...|\nabla_{\perp}\Phi(\vect{r}_{\perp},\vect
                                                  {p})|^2 \right)|u|^2 \\
The control sequence at the end of the top line
of your error message was never \def'ed. If you have
misspelled it (e.g., `\hobx'), type `I' and the correct
spelling (e.g., `I\hbox'). Otherwise just continue,
and I'll forget about whatever was undefined.

! Misplaced alignment tab character &.
<recently read> &
                 
l.20     &
          = - \left(|\nabla_{\perp}\Theta(\vect{r}_{\perp},\vect{p})|^2 + |\...
I can't figure out why you would want to use a tab mark
here. If you just want an ampersand, the remedy is
simple: Just type `I\&' now. But if some right brace
up above has ended a previous alignment prematurely,
you're probably due for more error messages, and you
might try typing `S' now just to see what is salvageable.

! Undefined control sequence.
l.20     &= - \left(|\nabla_{\perp}\Theta(\vect
                                               {r}_{\perp},\vect{p})|^2 + |\...
The control sequence at the end of the top line
of your error message was never \def'ed. If you have
misspelled it (e.g., `\hobx'), type `I' and the correct
spelling (e.g., `I\hbox'). Otherwise just continue,
and I'll forget about whatever was undefined.

! Undefined control sequence.
l.20 ...nabla_{\perp}\Theta(\vect{r}_{\perp},\vect
                                                  {p})|^2 + |\nabla_{\perp}\...
The control sequence at the end of the top line
of your error message was never \def'ed. If you have
misspelled it (e.g., `\hobx'), type `I' and the correct
spelling (e.g., `I\hbox'). Otherwise just continue,
and I'll forget about whatever was undefined.

! Undefined control sequence.
l.20 ...},\vect{p})|^2 + |\nabla_{\perp}\Phi(\vect
                                                  {r}_{\perp},\vect{p})|^2 \...
The control sequence at the end of the top line
of your error message was never \def'ed. If you have
misspelled it (e.g., `\hobx'), type `I' and the correct
spelling (e.g., `I\hbox'). Otherwise just continue,
and I'll forget about whatever was undefined.

! Undefined control sequence.
l.20 ...|\nabla_{\perp}\Phi(\vect{r}_{\perp},\vect
                                                  {p})|^2 \right)I^2(\vect{p...
The control sequence at the end of the top line
of your error message was never \def'ed. If you have
misspelled it (e.g., `\hobx'), type `I' and the correct
spelling (e.g., `I\hbox'). Otherwise just continue,
and I'll forget about whatever was undefined.

! Undefined control sequence.
l.20 ...t{r}_{\perp},\vect{p})|^2 \right)I^2(\vect
                                                  {p})\exp{-2 \Theta(\vect{r...
The control sequence at the end of the top line
of your error message was never \def'ed. If you have
misspelled it (e.g., `\hobx'), type `I' and the correct
spelling (e.g., `I\hbox'). Otherwise just continue,
and I'll forget about whatever was undefined.

! Undefined control sequence.
l.20 ...2 \right)I^2(\vect{p})\exp{-2 \Theta(\vect
                                                  {r}_{\perp},\vect{p})}
The control sequence at the end of the top line
of your error message was never \def'ed. If you have
misspelled it (e.g., `\hobx'), type `I' and the correct
spelling (e.g., `I\hbox'). Otherwise just continue,
and I'll forget about whatever was undefined.

! Undefined control sequence.
l.20 ...t{p})\exp{-2 \Theta(\vect{r}_{\perp},\vect
                                                  {p})}
The control sequence at the end of the top line
of your error message was never \def'ed. If you have
misspelled it (e.g., `\hobx'), type `I' and the correct
spelling (e.g., `I\hbox'). Otherwise just continue,
and I'll forget about whatever was undefined.


! LaTeX Error: \begin{equation} on input line 16 ended by \end{split}.

See the LaTeX manual or LaTeX Companion for explanation.
Type  H <return>  for immediate help.
 ...                                              
                                                  
l.21     \end{split}
                    
Your command was ignored.
Type  I <command> <return>  to replace it with another command,
or  <return>  to continue without it.


Overfull \hbox (657.39685pt too wide) detected at line 22
\OMS/cmsy/m/n/10 r[]\OML/cmm/m/it/10 u \OT1/cmr/m/n/10 = \OMS/cmsy/m/n/10 ^^@ [
] \OML/cmm/m/it/10 u[]  \OMS/cmsy/m/n/10 ^^@ jr[]\OML/cmm/m/it/10 u\OMS/cmsy/m/
n/10 j[] \OT1/cmr/m/n/10 = \OMS/cmsy/m/n/10 ^^@ [] j\OML/cmm/m/it/10 u\OMS/cmsy
/m/n/10 j[][]  \OT1/cmr/m/n/10 = \OMS/cmsy/m/n/10 ^^@ [] \OML/cmm/m/it/10 I[]\O
T1/cmr/m/n/10 (\OML/cmm/m/it/10 p\OT1/cmr/m/n/10 ) [] []
 []


! LaTeX Error: Environment split undefined.

See the LaTeX manual or LaTeX Companion for explanation.
Type  H <return>  for immediate help.
 ...                                              
                                                  
l.24     \begin{split}
                      
Your command was ignored.
Type  I <command> <return>  to replace it with another command,
or  <return>  to continue without it.

! Misplaced alignment tab character &.
l.25     |u|^2 &
                = I^2(\vect{p})\exp{-2 \Theta(\vect{r}_{\perp},\vect{p})}
I can't figure out why you would want to use a tab mark
here. If you just want an ampersand, the remedy is
simple: Just type `I\&' now. But if some right brace
up above has ended a previous alignment prematurely,
you're probably due for more error messages, and you
might try typing `S' now just to see what is salvageable.

! Undefined control sequence.
l.25     |u|^2 &= I^2(\vect
                           {p})\exp{-2 \Theta(\vect{r}_{\perp},\vect{p})}
The control sequence at the end of the top line
of your error message was never \def'ed. If you have
misspelled it (e.g., `\hobx'), type `I' and the correct
spelling (e.g., `I\hbox'). Otherwise just continue,
and I'll forget about whatever was undefined.

! Undefined control sequence.
l.25 ...|u|^2 &= I^2(\vect{p})\exp{-2 \Theta(\vect
                                                  {r}_{\perp},\vect{p})}
The control sequence at the end of the top line
of your error message was never \def'ed. If you have
misspelled it (e.g., `\hobx'), type `I' and the correct
spelling (e.g., `I\hbox'). Otherwise just continue,
and I'll forget about whatever was undefined.

! Undefined control sequence.
l.25 ...t{p})\exp{-2 \Theta(\vect{r}_{\perp},\vect
                                                  {p})}
The control sequence at the end of the top line
of your error message was never \def'ed. If you have
misspelled it (e.g., `\hobx'), type `I' and the correct
spelling (e.g., `I\hbox'). Otherwise just continue,
and I'll forget about whatever was undefined.


! LaTeX Error: \begin{equation} on input line 23 ended by \end{split}.

See the LaTeX manual or LaTeX Companion for explanation.
Type  H <return>  for immediate help.
 ...                                              
                                                  
l.26     \end{split}
                    
Your command was ignored.
Type  I <command> <return>  to replace it with another command,
or  <return>  to continue without it.


Overfull \hbox (119.25697pt too wide) detected at line 27
\OMS/cmsy/m/n/10 j\OML/cmm/m/it/10 u\OMS/cmsy/m/n/10 j[] \OT1/cmr/m/n/10 = \OML
/cmm/m/it/10 I[]\OT1/cmr/m/n/10 (\OML/cmm/m/it/10 p\OT1/cmr/m/n/10 ) [] []
 []


! LaTeX Error: Missing \begin{document}.

See the LaTeX manual or LaTeX Companion for explanation.
Type  H <return>  for immediate help.
 ...                                              
                                                  
l.29 \begin{equation}
                     
You're in trouble here.  Try typing  <return>  to proceed.
If that doesn't work, type  X <return>  to quit.


Overfull \hbox (20.0pt too wide) in paragraph at lines 29--29
[] 
 []


! LaTeX Error: Environment split undefined.

See the LaTeX manual or LaTeX Companion for explanation.
Type  H <return>  for immediate help.
 ...                                              
                                                  
l.30 \begin{split}
                  
Your command was ignored.
Type  I <command> <return>  to replace it with another command,
or  <return>  to continue without it.

! Misplaced alignment tab character &.
l.31     \mathcal{L}_{D}(u,\nabla u) &
                                      = -2 n_0 \alpha\, \mathrm{Im}\left(\pa...
I can't figure out why you would want to use a tab mark
here. If you just want an ampersand, the remedy is
simple: Just type `I\&' now. But if some right brace
up above has ended a previous alignment prematurely,
you're probably due for more error messages, and you
might try typing `S' now just to see what is salvageable.

! Undefined control sequence.
l.31 ...nabla_{\perp} u|^2 + 2n_0 \gamma^2 n(\vect
                                                  {r}_{\perp},z) |u|^2 \\
The control sequence at the end of the top line
of your error message was never \def'ed. If you have
misspelled it (e.g., `\hobx'), type `I' and the correct
spelling (e.g., `I\hbox'). Otherwise just continue,
and I'll forget about whatever was undefined.

! Misplaced alignment tab character &.
<recently read> &
                 
l.32     &
           = \left(2 n_0 \alpha \nabla_{\vect{p}}{\Phi}\cdot\vect{\dot{p}} -...
I can't figure out why you would want to use a tab mark
here. If you just want an ampersand, the remedy is
simple: Just type `I\&' now. But if some right brace
up above has ended a previous alignment prematurely,
you're probably due for more error messages, and you
might try typing `S' now just to see what is salvageable.

! Undefined control sequence.
l.32     & = \left(2 n_0 \alpha \nabla_{\vect
                                             {p}}{\Phi}\cdot\vect{\dot{p}} -...
The control sequence at the end of the top line
of your error message was never \def'ed. If you have
misspelled it (e.g., `\hobx'), type `I' and the correct
spelling (e.g., `I\hbox'). Otherwise just continue,
and I'll forget about whatever was undefined.

! Undefined control sequence.
l.32 ...0 \alpha \nabla_{\vect{p}}{\Phi}\cdot\vect
                                                  {\dot{p}} - \left(|\nabla_...
The control sequence at the end of the top line
of your error message was never \def'ed. If you have
misspelled it (e.g., `\hobx'), type `I' and the correct
spelling (e.g., `I\hbox'). Otherwise just continue,
and I'll forget about whatever was undefined.

! Undefined control sequence.
l.32 ...ot{p}} - \left(|\nabla_{\perp}\Theta(\vect
                                                  {r}_{\perp},\vect{p})|^2 +...
The control sequence at the end of the top line
of your error message was never \def'ed. If you have
misspelled it (e.g., `\hobx'), type `I' and the correct
spelling (e.g., `I\hbox'). Otherwise just continue,
and I'll forget about whatever was undefined.

! Undefined control sequence.
l.32 ...nabla_{\perp}\Theta(\vect{r}_{\perp},\vect
                                                  {p})|^2 + |\nabla_{\perp}\...
The control sequence at the end of the top line
of your error message was never \def'ed. If you have
misspelled it (e.g., `\hobx'), type `I' and the correct
spelling (e.g., `I\hbox'). Otherwise just continue,
and I'll forget about whatever was undefined.

! Undefined control sequence.
l.32 ...},\vect{p})|^2 + |\nabla_{\perp}\Phi(\vect
                                                  {r}_{\perp},\vect{p})|^2 \...
The control sequence at the end of the top line
of your error message was never \def'ed. If you have
misspelled it (e.g., `\hobx'), type `I' and the correct
spelling (e.g., `I\hbox'). Otherwise just continue,
and I'll forget about whatever was undefined.

! Undefined control sequence.
l.32 ...|\nabla_{\perp}\Phi(\vect{r}_{\perp},\vect
                                                  {p})|^2 \right) + 2n_0 \ga...
The control sequence at the end of the top line
of your error message was never \def'ed. If you have
misspelled it (e.g., `\hobx'), type `I' and the correct
spelling (e.g., `I\hbox'). Otherwise just continue,
and I'll forget about whatever was undefined.

! Undefined control sequence.
l.32 ...ect{p})|^2 \right) + 2n_0 \gamma^2 n(\vect
                                                  {r}_{\perp},z)\right) I^2(...
The control sequence at the end of the top line
of your error message was never \def'ed. If you have
misspelled it (e.g., `\hobx'), type `I' and the correct
spelling (e.g., `I\hbox'). Otherwise just continue,
and I'll forget about whatever was undefined.

! Undefined control sequence.
l.32 ...a^2 n(\vect{r}_{\perp},z)\right) I^2(\vect
                                                  {p})\exp{-2 \Theta(\vect{r...
The control sequence at the end of the top line
of your error message was never \def'ed. If you have
misspelled it (e.g., `\hobx'), type `I' and the correct
spelling (e.g., `I\hbox'). Otherwise just continue,
and I'll forget about whatever was undefined.

! Undefined control sequence.
l.32 ...)\right) I^2(\vect{p})\exp{-2 \Theta(\vect
                                                  {r}_{\perp},\vect{p})}
The control sequence at the end of the top line
of your error message was never \def'ed. If you have
misspelled it (e.g., `\hobx'), type `I' and the correct
spelling (e.g., `I\hbox'). Otherwise just continue,
and I'll forget about whatever was undefined.

! Undefined control sequence.
l.32 ...t{p})\exp{-2 \Theta(\vect{r}_{\perp},\vect
                                                  {p})}
The control sequence at the end of the top line
of your error message was never \def'ed. If you have
misspelled it (e.g., `\hobx'), type `I' and the correct
spelling (e.g., `I\hbox'). Otherwise just continue,
and I'll forget about whatever was undefined.


! LaTeX Error: \begin{equation} on input line 29 ended by \end{split}.

See the LaTeX manual or LaTeX Companion for explanation.
Type  H <return>  for immediate help.
 ...                                              
                                                  
l.33 \end{split}
                
Your command was ignored.
Type  I <command> <return>  to replace it with another command,
or  <return>  to continue without it.


Overfull \hbox (660.91922pt too wide) detected at line 34
\OMS/cmsy/m/n/10 L[]\OT1/cmr/m/n/10 (\OML/cmm/m/it/10 u; \OMS/cmsy/m/n/10 r\OML
/cmm/m/it/10 u\OT1/cmr/m/n/10 ) = \OMS/cmsy/m/n/10 ^^@\OT1/cmr/m/n/10 2\OML/cmm
/m/it/10 n[] [] [] \OMS/cmsy/m/n/10 ^^@ jr[]\OML/cmm/m/it/10 u\OMS/cmsy/m/n/10
 j[] \OT1/cmr/m/n/10 + 2\OML/cmm/m/it/10 n[]^^M[]n\OT1/cmr/m/n/10 (\OML/cmm/m/i
t/10 r[]; z\OT1/cmr/m/n/10 )\OMS/cmsy/m/n/10 j\OML/cmm/m/it/10 u\OMS/cmsy/m/n/1
0 j[][]  \OT1/cmr/m/n/10 = [] \OML/cmm/m/it/10 I[]\OT1/cmr/m/n/10 (\OML/cmm/m/i
t/10 p\OT1/cmr/m/n/10 ) [] []
 []

! Undefined control sequence.
l.36 \subsection
                {Tilted Gaussian}
The control sequence at the end of the top line
of your error message was never \def'ed. If you have
misspelled it (e.g., `\hobx'), type `I' and the correct
spelling (e.g., `I\hbox'). Otherwise just continue,
and I'll forget about whatever was undefined.


! LaTeX Error: Missing \begin{document}.

See the LaTeX manual or LaTeX Companion for explanation.
Type  H <return>  for immediate help.
 ...                                              
                                                  
l.36 \subsection{T
                  ilted Gaussian}
You're in trouble here.  Try typing  <return>  to proceed.
If that doesn't work, type  X <return>  to quit.

Missing character: There is no T in font nullfont!
Missing character: There is no i in font nullfont!
Missing character: There is no l in font nullfont!
Missing character: There is no t in font nullfont!
Missing character: There is no e in font nullfont!
Missing character: There is no d in font nullfont!
Missing character: There is no G in font nullfont!
Missing character: There is no a in font nullfont!
Missing character: There is no u in font nullfont!
Missing character: There is no s in font nullfont!
Missing character: There is no s in font nullfont!
Missing character: There is no i in font nullfont!
Missing character: There is no a in font nullfont!
Missing character: There is no n in font nullfont!

Overfull \hbox (20.0pt too wide) in paragraph at lines 36--37
[]
 []

! Undefined control sequence.
l.38     \vect
              {p} = \left[A, W_x,W_y; T_x, T_y, X, Y; F_x,F_y, P\right]
The control sequence at the end of the top line
of your error message was never \def'ed. If you have
misspelled it (e.g., `\hobx'), type `I' and the correct
spelling (e.g., `I\hbox'). Otherwise just continue,
and I'll forget about whatever was undefined.


Overfull \hbox (168.73239pt too wide) detected at line 39
\OML/cmm/m/it/10 p \OT1/cmr/m/n/10 = []
 []


! LaTeX Error: Environment split undefined.

See the LaTeX manual or LaTeX Companion for explanation.
Type  H <return>  for immediate help.
 ...                                              
                                                  
l.41     \begin{split}
                      
Your command was ignored.
Type  I <command> <return>  to replace it with another command,
or  <return>  to continue without it.

! Undefined control sequence.
l.42         I(\vect
                    {p}) &= \frac{A \sqrt{W_x W_y}}{\sqrt{\pi}} \\
The control sequence at the end of the top line
of your error message was never \def'ed. If you have
misspelled it (e.g., `\hobx'), type `I' and the correct
spelling (e.g., `I\hbox'). Otherwise just continue,
and I'll forget about whatever was undefined.

! Misplaced alignment tab character &.
l.42         I(\vect{p}) &
                          = \frac{A \sqrt{W_x W_y}}{\sqrt{\pi}} \\
I can't figure out why you would want to use a tab mark
here. If you just want an ampersand, the remedy is
simple: Just type `I\&' now. But if some right brace
up above has ended a previous alignment prematurely,
you're probably due for more error messages, and you
might try typing `S' now just to see what is salvageable.

! Undefined control sequence.
l.43         \Theta(\vect
                         {r}_{\perp},\vect{p}) &= \frac{1}{2} \left( W_x^2(x...
The control sequence at the end of the top line
of your error message was never \def'ed. If you have
misspelled it (e.g., `\hobx'), type `I' and the correct
spelling (e.g., `I\hbox'). Otherwise just continue,
and I'll forget about whatever was undefined.

! Undefined control sequence.
l.43         \Theta(\vect{r}_{\perp},\vect
                                          {p}) &= \frac{1}{2} \left( W_x^2(x...
The control sequence at the end of the top line
of your error message was never \def'ed. If you have
misspelled it (e.g., `\hobx'), type `I' and the correct
spelling (e.g., `I\hbox'). Otherwise just continue,
and I'll forget about whatever was undefined.

! Misplaced alignment tab character &.
l.43         \Theta(\vect{r}_{\perp},\vect{p}) &
                                                = \frac{1}{2} \left( W_x^2(x...
I can't figure out why you would want to use a tab mark
here. If you just want an ampersand, the remedy is
simple: Just type `I\&' now. But if some right brace
up above has ended a previous alignment prematurely,
you're probably due for more error messages, and you
might try typing `S' now just to see what is salvageable.

! Undefined control sequence.
l.44         \Phi(\vect
                       {r}_{\perp},\vect{p}) &= P + T_x (x-X) + T_y (y-Y) + ...
The control sequence at the end of the top line
of your error message was never \def'ed. If you have
misspelled it (e.g., `\hobx'), type `I' and the correct
spelling (e.g., `I\hbox'). Otherwise just continue,
and I'll forget about whatever was undefined.

! Undefined control sequence.
l.44         \Phi(\vect{r}_{\perp},\vect
                                        {p}) &= P + T_x (x-X) + T_y (y-Y) + ...
The control sequence at the end of the top line
of your error message was never \def'ed. If you have
misspelled it (e.g., `\hobx'), type `I' and the correct
spelling (e.g., `I\hbox'). Otherwise just continue,
and I'll forget about whatever was undefined.

! Misplaced alignment tab character &.
l.44         \Phi(\vect{r}_{\perp},\vect{p}) &
                                              = P + T_x (x-X) + T_y (y-Y) + ...
I can't figure out why you would want to use a tab mark
here. If you just want an ampersand, the remedy is
simple: Just type `I\&' now. But if some right brace
up above has ended a previous alignment prematurely,
you're probably due for more error messages, and you
might try typing `S' now just to see what is salvageable.


! LaTeX Error: \begin{equation} on input line 40 ended by \end{split}.

See the LaTeX manual or LaTeX Companion for explanation.
Type  H <return>  for immediate help.
 ...                                              
                                                  
l.45     \end{split}
                    
Your command was ignored.
Type  I <command> <return>  to replace it with another command,
or  <return>  to continue without it.


Overfull \hbox (528.95172pt too wide) detected at line 46
\OML/cmm/m/it/10 I\OT1/cmr/m/n/10 (\OML/cmm/m/it/10 p\OT1/cmr/m/n/10 ) = [][] ^
^B(\OML/cmm/m/it/10 r[]; p\OT1/cmr/m/n/10 ) = [] [] [] ^^H(\OML/cmm/m/it/10 r[]
; p\OT1/cmr/m/n/10 ) = \OML/cmm/m/it/10 P \OT1/cmr/m/n/10 + \OML/cmm/m/it/10 T[
]\OT1/cmr/m/n/10 (\OML/cmm/m/it/10 x \OMS/cmsy/m/n/10 ^^@ \OML/cmm/m/it/10 X\OT
1/cmr/m/n/10 ) + \OML/cmm/m/it/10 T[]\OT1/cmr/m/n/10 (\OML/cmm/m/it/10 y \OMS/c
msy/m/n/10 ^^@ \OML/cmm/m/it/10 Y\OT1/cmr/m/n/10 ) + \OML/cmm/m/it/10 F[]\OT1/c
mr/m/n/10 (\OML/cmm/m/it/10 x \OMS/cmsy/m/n/10 ^^@ \OML/cmm/m/it/10 X\OT1/cmr/m
/n/10 )[] + \OML/cmm/m/it/10 F[]\OT1/cmr/m/n/10 (\OML/cmm/m/it/10 y \OMS/cmsy/m
/n/10 ^^@ \OML/cmm/m/it/10 Y\OT1/cmr/m/n/10 )[]
 []


! LaTeX Error: Missing \begin{document}.

See the LaTeX manual or LaTeX Companion for explanation.
Type  H <return>  for immediate help.
 ...                                              
                                                  
l.51 \begin{equation}
                     
You're in trouble here.  Try typing  <return>  to proceed.
If that doesn't work, type  X <return>  to quit.


Overfull \hbox (20.0pt too wide) in paragraph at lines 51--51
[] 
 []

! Undefined control sequence.
l.52     \vect
              {p} = \left[A, W_x,W_y; T_x, T_y, X, Y; F_x,F_y, P\right]
The control sequence at the end of the top line
of your error message was never \def'ed. If you have
misspelled it (e.g., `\hobx'), type `I' and the correct
spelling (e.g., `I\hbox'). Otherwise just continue,
and I'll forget about whatever was undefined.


Overfull \hbox (168.73239pt too wide) detected at line 53
\OML/cmm/m/it/10 p \OT1/cmr/m/n/10 = []
 []


! LaTeX Error: Environment split undefined.

See the LaTeX manual or LaTeX Companion for explanation.
Type  H <return>  for immediate help.
 ...                                              
                                                  
l.55     \begin{split}
                      
Your command was ignored.
Type  I <command> <return>  to replace it with another command,
or  <return>  to continue without it.

! Undefined control sequence.
l.56         \nabla_{\vect
                          {p}}{\Phi}\cdot\vect{\dot{p}} &= \dot{P} + \dot{T}...
The control sequence at the end of the top line
of your error message was never \def'ed. If you have
misspelled it (e.g., `\hobx'), type `I' and the correct
spelling (e.g., `I\hbox'). Otherwise just continue,
and I'll forget about whatever was undefined.

! Undefined control sequence.
l.56         \nabla_{\vect{p}}{\Phi}\cdot\vect
                                              {\dot{p}} &= \dot{P} + \dot{T}...
The control sequence at the end of the top line
of your error message was never \def'ed. If you have
misspelled it (e.g., `\hobx'), type `I' and the correct
spelling (e.g., `I\hbox'). Otherwise just continue,
and I'll forget about whatever was undefined.

! Misplaced alignment tab character &.
l.56 ...abla_{\vect{p}}{\Phi}\cdot\vect{\dot{p}} &
                                                  = \dot{P} + \dot{T}_x (x-X...
I can't figure out why you would want to use a tab mark
here. If you just want an ampersand, the remedy is
simple: Just type `I\&' now. But if some right brace
up above has ended a previous alignment prematurely,
you're probably due for more error messages, and you
might try typing `S' now just to see what is salvageable.

! Misplaced alignment tab character &.
<recently read> &
                 
l.57         &
              \quad - \dot{X} (T_x + 2F_x(x-X)) - \dot{Y} (T_y + 2F_y(y-Y)) \\
I can't figure out why you would want to use a tab mark
here. If you just want an ampersand, the remedy is
simple: Just type `I\&' now. But if some right brace
up above has ended a previous alignment prematurely,
you're probably due for more error messages, and you
might try typing `S' now just to see what is salvageable.


! LaTeX Error: \begin{equation} on input line 54 ended by \end{split}.

See the LaTeX manual or LaTeX Companion for explanation.
Type  H <return>  for immediate help.
 ...                                              
                                                  
l.58     \end{split}
                    
Your command was ignored.
Type  I <command> <return>  to replace it with another command,
or  <return>  to continue without it.


Overfull \hbox (428.99574pt too wide) detected at line 59
\OMS/cmsy/m/n/10 r[]\OT1/cmr/m/n/10 ^^H \OMS/cmsy/m/n/10 ^^A [] \OT1/cmr/m/n/10
 = [] + [](\OML/cmm/m/it/10 x \OMS/cmsy/m/n/10 ^^@ \OML/cmm/m/it/10 X\OT1/cmr/m
/n/10 ) + [](\OML/cmm/m/it/10 y \OMS/cmsy/m/n/10 ^^@ \OML/cmm/m/it/10 Y\OT1/cmr
/m/n/10 ) + [](\OML/cmm/m/it/10 x \OMS/cmsy/m/n/10 ^^@ \OML/cmm/m/it/10 X\OT1/c
mr/m/n/10 )[] + [](\OML/cmm/m/it/10 y \OMS/cmsy/m/n/10 ^^@ \OML/cmm/m/it/10 Y\O
T1/cmr/m/n/10 )[][]   \OMS/cmsy/m/n/10 ^^@ []\OT1/cmr/m/n/10 (\OML/cmm/m/it/10 
T[] \OT1/cmr/m/n/10 + 2\OML/cmm/m/it/10 F[]\OT1/cmr/m/n/10 (\OML/cmm/m/it/10 x 
\OMS/cmsy/m/n/10 ^^@ \OML/cmm/m/it/10 X\OT1/cmr/m/n/10 )) \OMS/cmsy/m/n/10 ^^@ 
[]\OT1/cmr/m/n/10 (\OML/cmm/m/it/10 T[] \OT1/cmr/m/n/10 + 2\OML/cmm/m/it/10 F[]
\OT1/cmr/m/n/10 (\OML/cmm/m/it/10 y \OMS/cmsy/m/n/10 ^^@ \OML/cmm/m/it/10 Y\OT1
/cmr/m/n/10 ))[] 
 []


! LaTeX Error: Missing \begin{document}.

See the LaTeX manual or LaTeX Companion for explanation.
Type  H <return>  for immediate help.
 ...                                              
                                                  
l.61 \begin{equation}
                     
You're in trouble here.  Try typing  <return>  to proceed.
If that doesn't work, type  X <return>  to quit.


Overfull \hbox (20.0pt too wide) in paragraph at lines 61--61
[] 
 []


! LaTeX Error: Environment split undefined.

See the LaTeX manual or LaTeX Companion for explanation.
Type  H <return>  for immediate help.
 ...                                              
                                                  
l.62     \begin{split}
                      
Your command was ignored.
Type  I <command> <return>  to replace it with another command,
or  <return>  to continue without it.

! Undefined control sequence.
l.63         \nabla_{\perp}\Theta(\vect
                                       {r}_{\perp},\vect{p}) &= \left[ W_x^2...
The control sequence at the end of the top line
of your error message was never \def'ed. If you have
misspelled it (e.g., `\hobx'), type `I' and the correct
spelling (e.g., `I\hbox'). Otherwise just continue,
and I'll forget about whatever was undefined.

! Undefined control sequence.
l.63 ...nabla_{\perp}\Theta(\vect{r}_{\perp},\vect
                                                  {p}) &= \left[ W_x^2 (x-X)...
The control sequence at the end of the top line
of your error message was never \def'ed. If you have
misspelled it (e.g., `\hobx'), type `I' and the correct
spelling (e.g., `I\hbox'). Otherwise just continue,
and I'll forget about whatever was undefined.

! Misplaced alignment tab character &.
l.63 ...{\perp}\Theta(\vect{r}_{\perp},\vect{p}) &
                                                  = \left[ W_x^2 (x-X),  W_y...
I can't figure out why you would want to use a tab mark
here. If you just want an ampersand, the remedy is
simple: Just type `I\&' now. But if some right brace
up above has ended a previous alignment prematurely,
you're probably due for more error messages, and you
might try typing `S' now just to see what is salvageable.

! Undefined control sequence.
l.64         |\nabla_{\perp}\Theta(\vect
                                        {r}_{\perp},\vect{p})|^2 &= W_x^4 (x...
The control sequence at the end of the top line
of your error message was never \def'ed. If you have
misspelled it (e.g., `\hobx'), type `I' and the correct
spelling (e.g., `I\hbox'). Otherwise just continue,
and I'll forget about whatever was undefined.

! Undefined control sequence.
l.64 ...nabla_{\perp}\Theta(\vect{r}_{\perp},\vect
                                                  {p})|^2 &= W_x^4 (x-X)^2 +...
The control sequence at the end of the top line
of your error message was never \def'ed. If you have
misspelled it (e.g., `\hobx'), type `I' and the correct
spelling (e.g., `I\hbox'). Otherwise just continue,
and I'll forget about whatever was undefined.

! Misplaced alignment tab character &.
l.64 ...erp}\Theta(\vect{r}_{\perp},\vect{p})|^2 &
                                                  = W_x^4 (x-X)^2 +  W_y^4 (...
I can't figure out why you would want to use a tab mark
here. If you just want an ampersand, the remedy is
simple: Just type `I\&' now. But if some right brace
up above has ended a previous alignment prematurely,
you're probably due for more error messages, and you
might try typing `S' now just to see what is salvageable.


! LaTeX Error: \begin{equation} on input line 61 ended by \end{split}.

See the LaTeX manual or LaTeX Companion for explanation.
Type  H <return>  for immediate help.
 ...                                              
                                                  
l.65     \end{split}
                    
Your command was ignored.
Type  I <command> <return>  to replace it with another command,
or  <return>  to continue without it.


Overfull \hbox (359.19223pt too wide) detected at line 66
\OMS/cmsy/m/n/10 r[]\OT1/cmr/m/n/10 ^^B(\OML/cmm/m/it/10 r[]; p\OT1/cmr/m/n/10 
) = [] [] \OMS/cmsy/m/n/10 jr[]\OT1/cmr/m/n/10 ^^B(\OML/cmm/m/it/10 r[]; p\OT1/
cmr/m/n/10 )\OMS/cmsy/m/n/10 j[] \OT1/cmr/m/n/10 = \OML/cmm/m/it/10 W[]\OT1/cmr
/m/n/10 (\OML/cmm/m/it/10 x \OMS/cmsy/m/n/10 ^^@ \OML/cmm/m/it/10 X\OT1/cmr/m/n
/10 )[] + \OML/cmm/m/it/10 W[]\OT1/cmr/m/n/10 (\OML/cmm/m/it/10 y \OMS/cmsy/m/n
/10 ^^@ \OML/cmm/m/it/10 Y\OT1/cmr/m/n/10 )[][] 
 []


! LaTeX Error: Missing \begin{document}.

See the LaTeX manual or LaTeX Companion for explanation.
Type  H <return>  for immediate help.
 ...                                              
                                                  
l.68 \begin{equation}
                     
You're in trouble here.  Try typing  <return>  to proceed.
If that doesn't work, type  X <return>  to quit.


Overfull \hbox (20.0pt too wide) in paragraph at lines 68--68
[] 
 []


! LaTeX Error: Environment split undefined.

See the LaTeX manual or LaTeX Companion for explanation.
Type  H <return>  for immediate help.
 ...                                              
                                                  
l.69     \begin{split}
                      
Your command was ignored.
Type  I <command> <return>  to replace it with another command,
or  <return>  to continue without it.

! Undefined control sequence.
l.70         \nabla_{\perp}\Phi(\vect
                                     {r}_{\perp},\vect{p}) &= \left[T_x + 2 ...
The control sequence at the end of the top line
of your error message was never \def'ed. If you have
misspelled it (e.g., `\hobx'), type `I' and the correct
spelling (e.g., `I\hbox'). Otherwise just continue,
and I'll forget about whatever was undefined.

! Undefined control sequence.
l.70 ... \nabla_{\perp}\Phi(\vect{r}_{\perp},\vect
                                                  {p}) &= \left[T_x + 2 F_x ...
The control sequence at the end of the top line
of your error message was never \def'ed. If you have
misspelled it (e.g., `\hobx'), type `I' and the correct
spelling (e.g., `I\hbox'). Otherwise just continue,
and I'll forget about whatever was undefined.

! Misplaced alignment tab character &.
l.70 ...a_{\perp}\Phi(\vect{r}_{\perp},\vect{p}) &
                                                  = \left[T_x + 2 F_x (x-X),...
I can't figure out why you would want to use a tab mark
here. If you just want an ampersand, the remedy is
simple: Just type `I\&' now. But if some right brace
up above has ended a previous alignment prematurely,
you're probably due for more error messages, and you
might try typing `S' now just to see what is salvageable.

! Undefined control sequence.
l.71         |\nabla_{\perp}\Phi(\vect
                                      {r}_{\perp},\vect{p})|^2 &= \left(T_x ...
The control sequence at the end of the top line
of your error message was never \def'ed. If you have
misspelled it (e.g., `\hobx'), type `I' and the correct
spelling (e.g., `I\hbox'). Otherwise just continue,
and I'll forget about whatever was undefined.

! Undefined control sequence.
l.71 ...|\nabla_{\perp}\Phi(\vect{r}_{\perp},\vect
                                                  {p})|^2 &= \left(T_x + 2 F...
The control sequence at the end of the top line
of your error message was never \def'ed. If you have
misspelled it (e.g., `\hobx'), type `I' and the correct
spelling (e.g., `I\hbox'). Otherwise just continue,
and I'll forget about whatever was undefined.

! Misplaced alignment tab character &.
l.71 ...\perp}\Phi(\vect{r}_{\perp},\vect{p})|^2 &
                                                  = \left(T_x + 2 F_x (x-X)\...
I can't figure out why you would want to use a tab mark
here. If you just want an ampersand, the remedy is
simple: Just type `I\&' now. But if some right brace
up above has ended a previous alignment prematurely,
you're probably due for more error messages, and you
might try typing `S' now just to see what is salvageable.


! LaTeX Error: \begin{equation} on input line 68 ended by \end{split}.

See the LaTeX manual or LaTeX Companion for explanation.
Type  H <return>  for immediate help.
 ...                                              
                                                  
l.72     \end{split}
                    
Your command was ignored.
Type  I <command> <return>  to replace it with another command,
or  <return>  to continue without it.


Overfull \hbox (475.82141pt too wide) detected at line 73
\OMS/cmsy/m/n/10 r[]\OT1/cmr/m/n/10 ^^H(\OML/cmm/m/it/10 r[]; p\OT1/cmr/m/n/10 
) = [] [] \OMS/cmsy/m/n/10 jr[]\OT1/cmr/m/n/10 ^^H(\OML/cmm/m/it/10 r[]; p\OT1/
cmr/m/n/10 )\OMS/cmsy/m/n/10 j[] \OT1/cmr/m/n/10 = [][] + [][]
 []


! LaTeX Error: Missing \begin{document}.

See the LaTeX manual or LaTeX Companion for explanation.
Type  H <return>  for immediate help.
 ...                                              
                                                  
l.75 \begin{equation}
                     
You're in trouble here.  Try typing  <return>  to proceed.
If that doesn't work, type  X <return>  to quit.


Overfull \hbox (20.0pt too wide) in paragraph at lines 75--75
[] 
 []


! LaTeX Error: Environment split undefined.

See the LaTeX manual or LaTeX Companion for explanation.
Type  H <return>  for immediate help.
 ...                                              
                                                  
l.76     \begin{split}
                      
Your command was ignored.
Type  I <command> <return>  to replace it with another command,
or  <return>  to continue without it.

! Misplaced alignment tab character &.
l.77     \mathcal{L}_{D}(u,\nabla u) &
                                       = 2 n_0 \alpha\, \left(\dot{P} + \dot...
I can't figure out why you would want to use a tab mark
here. If you just want an ampersand, the remedy is
simple: Just type `I\&' now. But if some right brace
up above has ended a previous alignment prematurely,
you're probably due for more error messages, and you
might try typing `S' now just to see what is salvageable.

! Misplaced alignment tab character &.
<recently read> &
                 
l.78         &
              \quad - \dot{X} (T_x + 2F_x(x-X)) \frac{A^2W_x W_y}{\pi} \exp{...
I can't figure out why you would want to use a tab mark
here. If you just want an ampersand, the remedy is
simple: Just type `I\&' now. But if some right brace
up above has ended a previous alignment prematurely,
you're probably due for more error messages, and you
might try typing `S' now just to see what is salvageable.

! Misplaced alignment tab character &.
<recently read> &
                 
l.80 &
      - \dot{Y} (T_y + 2F_y(y-Y)) \frac{A^2W_x W_y}{\pi} \exp{-\left( W_x^2(...
I can't figure out why you would want to use a tab mark
here. If you just want an ampersand, the remedy is
simple: Just type `I\&' now. But if some right brace
up above has ended a previous alignment prematurely,
you're probably due for more error messages, and you
might try typing `S' now just to see what is salvageable.

! Misplaced alignment tab character &.
<recently read> &
                 
l.82         &
              - \left(W_x^4 (x-X)^2 +  W_y^4 (y-Y)^2\right) \frac{A^2W_x W_y...
I can't figure out why you would want to use a tab mark
here. If you just want an ampersand, the remedy is
simple: Just type `I\&' now. But if some right brace
up above has ended a previous alignment prematurely,
you're probably due for more error messages, and you
might try typing `S' now just to see what is salvageable.

! Misplaced alignment tab character &.
<recently read> &
                 
l.84         &
              - \left(T_x + 2 F_x (x-X)\right)^2 \frac{A^2W_x W_y}{\pi} \exp...
I can't figure out why you would want to use a tab mark
here. If you just want an ampersand, the remedy is
simple: Just type `I\&' now. But if some right brace
up above has ended a previous alignment prematurely,
you're probably due for more error messages, and you
might try typing `S' now just to see what is salvageable.

! Misplaced alignment tab character &.
<recently read> &
                 
l.86         &
              -  \left(T_y + 2 F_{y} (y-Y)\right)^2 \frac{A^2W_x W_y}{\pi} \...
I can't figure out why you would want to use a tab mark
here. If you just want an ampersand, the remedy is
simple: Just type `I\&' now. But if some right brace
up above has ended a previous alignment prematurely,
you're probably due for more error messages, and you
might try typing `S' now just to see what is salvageable.

! Misplaced alignment tab character &.
<recently read> &
                 
l.88         &
              + 2n_0 \gamma^2 n(\vect{r}_{\perp},z) \frac{A^2W_x W_y}{\pi} \...
I can't figure out why you would want to use a tab mark
here. If you just want an ampersand, the remedy is
simple: Just type `I\&' now. But if some right brace
up above has ended a previous alignment prematurely,
you're probably due for more error messages, and you
might try typing `S' now just to see what is salvageable.

! Undefined control sequence.
l.88         &+ 2n_0 \gamma^2 n(\vect
                                     {r}_{\perp},z) \frac{A^2W_x W_y}{\pi} \...
The control sequence at the end of the top line
of your error message was never \def'ed. If you have
misspelled it (e.g., `\hobx'), type `I' and the correct
spelling (e.g., `I\hbox'). Otherwise just continue,
and I'll forget about whatever was undefined.


! LaTeX Error: \begin{equation} on input line 75 ended by \end{split}.

See the LaTeX manual or LaTeX Companion for explanation.
Type  H <return>  for immediate help.
 ...                                              
                                                  
l.89     \end{split}
                    
Your command was ignored.
Type  I <command> <return>  to replace it with another command,
or  <return>  to continue without it.


Overfull \hbox (2320.05493pt too wide) detected at line 90
\OMS/cmsy/m/n/10 L[]\OT1/cmr/m/n/10 (\OML/cmm/m/it/10 u; \OMS/cmsy/m/n/10 r\OML
/cmm/m/it/10 u\OT1/cmr/m/n/10 ) = 2\OML/cmm/m/it/10 n[]  [] [] [] [][]   \OMS/
cmsy/m/n/10 ^^@ []\OT1/cmr/m/n/10 (\OML/cmm/m/it/10 T[] \OT1/cmr/m/n/10 + 2\OML
/cmm/m/it/10 F[]\OT1/cmr/m/n/10 (\OML/cmm/m/it/10 x \OMS/cmsy/m/n/10 ^^@ \OML/c
mm/m/it/10 X\OT1/cmr/m/n/10 ))[] [] [][]  \OMS/cmsy/m/n/10 ^^@ []\OT1/cmr/m/n/1
0 (\OML/cmm/m/it/10 T[] \OT1/cmr/m/n/10 + 2\OML/cmm/m/it/10 F[]\OT1/cmr/m/n/10 
(\OML/cmm/m/it/10 y \OMS/cmsy/m/n/10 ^^@ \OML/cmm/m/it/10 Y\OT1/cmr/m/n/10 ))[]
 [] [][]  \OMS/cmsy/m/n/10 ^^@ [] [] [] [][]  ^^@ [][] [] [] [][]  ^^@ [][] [] 
[] [][]  \OT1/cmr/m/n/10 + 2\OML/cmm/m/it/10 n[]^^M[]n\OT1/cmr/m/n/10 (\OML/cmm
/m/it/10 r[]; z\OT1/cmr/m/n/10 )[] [] [][] 
 []


! LaTeX Error: Environment split undefined.

See the LaTeX manual or LaTeX Companion for explanation.
Type  H <return>  for immediate help.
 ...                                              
                                                  
l.92     \begin{split}
                      
Your command was ignored.
Type  I <command> <return>  to replace it with another command,
or  <return>  to continue without it.

! Undefined control sequence.
l.93  \mathcal{F}_{D}(\vect
                           {p},\dot{\vect{p}}) &= 2 n_0 \alpha\, \frac{A^2W_...
The control sequence at the end of the top line
of your error message was never \def'ed. If you have
misspelled it (e.g., `\hobx'), type `I' and the correct
spelling (e.g., `I\hbox'). Otherwise just continue,
and I'll forget about whatever was undefined.

! Undefined control sequence.
l.93  \mathcal{F}_{D}(\vect{p},\dot{\vect
                                         {p}}) &= 2 n_0 \alpha\, \frac{A^2W_...
The control sequence at the end of the top line
of your error message was never \def'ed. If you have
misspelled it (e.g., `\hobx'), type `I' and the correct
spelling (e.g., `I\hbox'). Otherwise just continue,
and I'll forget about whatever was undefined.

! Misplaced alignment tab character &.
l.93  \mathcal{F}_{D}(\vect{p},\dot{\vect{p}}) &
                                                = 2 n_0 \alpha\, \frac{A^2W_...
I can't figure out why you would want to use a tab mark
here. If you just want an ampersand, the remedy is
simple: Just type `I\&' now. But if some right brace
up above has ended a previous alignment prematurely,
you're probably due for more error messages, and you
might try typing `S' now just to see what is salvageable.

! Misplaced alignment tab character &.
<recently read> &
                 
l.94         &
              \quad - \dot{X} \frac{A^2W_x W_y}{\pi} (T_x I_0 + 2 F_x I_{1,x...
I can't figure out why you would want to use a tab mark
here. If you just want an ampersand, the remedy is
simple: Just type `I\&' now. But if some right brace
up above has ended a previous alignment prematurely,
you're probably due for more error messages, and you
might try typing `S' now just to see what is salvageable.

! Misplaced alignment tab character &.
<recently read> &
                 
l.95 &
      - \dot{Y}\frac{A^2W_x W_y}{\pi} (T_y I_0 + 2 F_y I_{1,y}) \\
I can't figure out why you would want to use a tab mark
here. If you just want an ampersand, the remedy is
simple: Just type `I\&' now. But if some right brace
up above has ended a previous alignment prematurely,
you're probably due for more error messages, and you
might try typing `S' now just to see what is salvageable.

! Misplaced alignment tab character &.
<recently read> &
                 
l.96         &
              - \frac{A^2W_x W_y}{\pi}\left(W_x^4 I_{2,x} +  W_y^4 I_{2,y}\r...
I can't figure out why you would want to use a tab mark
here. If you just want an ampersand, the remedy is
simple: Just type `I\&' now. But if some right brace
up above has ended a previous alignment prematurely,
you're probably due for more error messages, and you
might try typing `S' now just to see what is salvageable.

! Misplaced alignment tab character &.
<recently read> &
                 
l.97         &
              - \frac{A^2W_x W_y}{\pi}\left(T_x^2 I_0 + 2 T_{x} F_{x} I_{1,x...
I can't figure out why you would want to use a tab mark
here. If you just want an ampersand, the remedy is
simple: Just type `I\&' now. But if some right brace
up above has ended a previous alignment prematurely,
you're probably due for more error messages, and you
might try typing `S' now just to see what is salvageable.

! Misplaced alignment tab character &.
<recently read> &
                 
l.98         &
              - \frac{A^2W_x W_y}{\pi}\left(T_y^2 I_0 + 2 T_{y} F_{y} I_{1,y...
I can't figure out why you would want to use a tab mark
here. If you just want an ampersand, the remedy is
simple: Just type `I\&' now. But if some right brace
up above has ended a previous alignment prematurely,
you're probably due for more error messages, and you
might try typing `S' now just to see what is salvageable.

! Misplaced alignment tab character &.
<recently read> &
                 
l.99         &
              + 2n_0 \gamma^2 \left<n(\vect{r}_{\perp},z), \frac{A^2W_x W_y}...
I can't figure out why you would want to use a tab mark
here. If you just want an ampersand, the remedy is
simple: Just type `I\&' now. But if some right brace
up above has ended a previous alignment prematurely,
you're probably due for more error messages, and you
might try typing `S' now just to see what is salvageable.

! Undefined control sequence.
l.99         &+ 2n_0 \gamma^2 \left<n(\vect
                                           {r}_{\perp},z), \frac{A^2W_x W_y}...
The control sequence at the end of the top line
of your error message was never \def'ed. If you have
misspelled it (e.g., `\hobx'), type `I' and the correct
spelling (e.g., `I\hbox'). Otherwise just continue,
and I'll forget about whatever was undefined.


! LaTeX Error: \begin{equation} on input line 91 ended by \end{split}.

See the LaTeX manual or LaTeX Companion for explanation.
Type  H <return>  for immediate help.
 ...                                              
                                                  
l.100     \end{split}
                     
Your command was ignored.
Type  I <command> <return>  to replace it with another command,
or  <return>  to continue without it.


Overfull \hbox (1353.60234pt too wide) detected at line 101
\OMS/cmsy/m/n/10 F[]\OT1/cmr/m/n/10 (\OML/cmm/m/it/10 p; []\OT1/cmr/m/n/10 ) = 
2\OML/cmm/m/it/10 n[] [] [] []   \OMS/cmsy/m/n/10 ^^@ [][]\OT1/cmr/m/n/10 (\OM
L/cmm/m/it/10 T[]I[] \OT1/cmr/m/n/10 + 2\OML/cmm/m/it/10 F[]I[]\OT1/cmr/m/n/10 
)[]  \OMS/cmsy/m/n/10 ^^@ [][]\OT1/cmr/m/n/10 (\OML/cmm/m/it/10 T[]I[] \OT1/cmr
/m/n/10 + 2\OML/cmm/m/it/10 F[]I[]\OT1/cmr/m/n/10 )[]  \OMS/cmsy/m/n/10 ^^@ [] 
[] []  ^^@ [] [] []  ^^@ [] [] []  \OT1/cmr/m/n/10 + 2\OML/cmm/m/it/10 n[]^^M[]
 []
 []


! LaTeX Error: Missing \begin{document}.

See the LaTeX manual or LaTeX Companion for explanation.
Type  H <return>  for immediate help.
 ...                                              
                                                  
l.104 \begin{equation}
                      
You're in trouble here.  Try typing  <return>  to proceed.
If that doesn't work, type  X <return>  to quit.


Overfull \hbox (20.0pt too wide) in paragraph at lines 104--104
[] 
 []


! LaTeX Error: Environment split undefined.

See the LaTeX manual or LaTeX Companion for explanation.
Type  H <return>  for immediate help.
 ...                                              
                                                  
l.105     \begin{split}
                       
Your command was ignored.
Type  I <command> <return>  to replace it with another command,
or  <return>  to continue without it.

! Misplaced alignment tab character &.
l.106        I_0 &
                  = \iint^{\infty}_{\infty} \exp{-\left( W_x^2(x-X)^2 + W_y^...
I can't figure out why you would want to use a tab mark
here. If you just want an ampersand, the remedy is
simple: Just type `I\&' now. But if some right brace
up above has ended a previous alignment prematurely,
you're probably due for more error messages, and you
might try typing `S' now just to see what is salvageable.

! Undefined control sequence.
l.106        I_0 &= \iint
                         ^{\infty}_{\infty} \exp{-\left( W_x^2(x-X)^2 + W_y^...
The control sequence at the end of the top line
of your error message was never \def'ed. If you have
misspelled it (e.g., `\hobx'), type `I' and the correct
spelling (e.g., `I\hbox'). Otherwise just continue,
and I'll forget about whatever was undefined.

! Misplaced alignment tab character &.
l.107        I_{1,x} &
                      = \iint^{\infty}_{\infty} (x-X) \exp{-\left( W_x^2(x-X...
I can't figure out why you would want to use a tab mark
here. If you just want an ampersand, the remedy is
simple: Just type `I\&' now. But if some right brace
up above has ended a previous alignment prematurely,
you're probably due for more error messages, and you
might try typing `S' now just to see what is salvageable.

! Undefined control sequence.
l.107        I_{1,x} &= \iint
                             ^{\infty}_{\infty} (x-X) \exp{-\left( W_x^2(x-X...
The control sequence at the end of the top line
of your error message was never \def'ed. If you have
misspelled it (e.g., `\hobx'), type `I' and the correct
spelling (e.g., `I\hbox'). Otherwise just continue,
and I'll forget about whatever was undefined.

! Misplaced alignment tab character &.
l.108        I_{1,y} &
                      = \iint^{\infty}_{\infty} (y-Y) \exp{-\left( W_x^2(x-X...
I can't figure out why you would want to use a tab mark
here. If you just want an ampersand, the remedy is
simple: Just type `I\&' now. But if some right brace
up above has ended a previous alignment prematurely,
you're probably due for more error messages, and you
might try typing `S' now just to see what is salvageable.

! Undefined control sequence.
l.108        I_{1,y} &= \iint
                             ^{\infty}_{\infty} (y-Y) \exp{-\left( W_x^2(x-X...
The control sequence at the end of the top line
of your error message was never \def'ed. If you have
misspelled it (e.g., `\hobx'), type `I' and the correct
spelling (e.g., `I\hbox'). Otherwise just continue,
and I'll forget about whatever was undefined.

! Misplaced alignment tab character &.
l.109        I_{2,x} &
                      = \iint^{\infty}_{\infty} (x-X)^2 \exp{-\left( W_x^2(x...
I can't figure out why you would want to use a tab mark
here. If you just want an ampersand, the remedy is
simple: Just type `I\&' now. But if some right brace
up above has ended a previous alignment prematurely,
you're probably due for more error messages, and you
might try typing `S' now just to see what is salvageable.

! Undefined control sequence.
l.109        I_{2,x} &= \iint
                             ^{\infty}_{\infty} (x-X)^2 \exp{-\left( W_x^2(x...
The control sequence at the end of the top line
of your error message was never \def'ed. If you have
misspelled it (e.g., `\hobx'), type `I' and the correct
spelling (e.g., `I\hbox'). Otherwise just continue,
and I'll forget about whatever was undefined.

! Misplaced alignment tab character &.
l.110        I_{2,y} &
                      = \iint^{\infty}_{\infty} (y-Y)^2 \exp{-\left( W_x^2(x...
I can't figure out why you would want to use a tab mark
here. If you just want an ampersand, the remedy is
simple: Just type `I\&' now. But if some right brace
up above has ended a previous alignment prematurely,
you're probably due for more error messages, and you
might try typing `S' now just to see what is salvageable.

! Undefined control sequence.
l.110        I_{2,y} &= \iint
                             ^{\infty}_{\infty} (y-Y)^2 \exp{-\left( W_x^2(x...
The control sequence at the end of the top line
of your error message was never \def'ed. If you have
misspelled it (e.g., `\hobx'), type `I' and the correct
spelling (e.g., `I\hbox'). Otherwise just continue,
and I'll forget about whatever was undefined.


! LaTeX Error: \begin{equation} on input line 104 ended by \end{split}.

See the LaTeX manual or LaTeX Companion for explanation.
Type  H <return>  for immediate help.
 ...                                              
                                                  
l.111     \end{split}
                     
Your command was ignored.
Type  I <command> <return>  to replace it with another command,
or  <return>  to continue without it.


Overfull \hbox (1397.509pt too wide) detected at line 112
\OML/cmm/m/it/10 I[] \OT1/cmr/m/n/10 =[] [] [] \OML/cmm/m/it/10 dx dy \OT1/cmr/
m/n/10 = [][] \OML/cmm/m/it/10 I[] \OT1/cmr/m/n/10 =[] (\OML/cmm/m/it/10 x \OMS
/cmsy/m/n/10 ^^@ \OML/cmm/m/it/10 X\OT1/cmr/m/n/10 ) [] [] \OML/cmm/m/it/10 dx 
dy \OT1/cmr/m/n/10 = 0[] \OML/cmm/m/it/10 I[] \OT1/cmr/m/n/10 =[] (\OML/cmm/m/i
t/10 y \OMS/cmsy/m/n/10 ^^@ \OML/cmm/m/it/10 Y\OT1/cmr/m/n/10 ) [] [] \OML/cmm/
m/it/10 dx dy \OT1/cmr/m/n/10 = 0[] \OML/cmm/m/it/10 I[] \OT1/cmr/m/n/10 =[] (\
OML/cmm/m/it/10 x \OMS/cmsy/m/n/10 ^^@ \OML/cmm/m/it/10 X\OT1/cmr/m/n/10 )[] []
 [] \OML/cmm/m/it/10 dx dy \OT1/cmr/m/n/10 = [][] \OML/cmm/m/it/10 I[] \OT1/cmr
/m/n/10 =[] (\OML/cmm/m/it/10 y \OMS/cmsy/m/n/10 ^^@ \OML/cmm/m/it/10 Y\OT1/cmr
/m/n/10 )[] [] [] \OML/cmm/m/it/10 dx dy \OT1/cmr/m/n/10 = [][] 
 []


! LaTeX Error: Missing \begin{document}.

See the LaTeX manual or LaTeX Companion for explanation.
Type  H <return>  for immediate help.
 ...                                              
                                                  
l.115 \begin{equation}
                      
You're in trouble here.  Try typing  <return>  to proceed.
If that doesn't work, type  X <return>  to quit.


Overfull \hbox (20.0pt too wide) in paragraph at lines 115--115
[] 
 []


! LaTeX Error: Environment split undefined.

See the LaTeX manual or LaTeX Companion for explanation.
Type  H <return>  for immediate help.
 ...                                              
                                                  
l.116     \begin{split}
                       
Your command was ignored.
Type  I <command> <return>  to replace it with another command,
or  <return>  to continue without it.

! Undefined control sequence.
l.117     \mathcal{F}_{D}(\vect
                               {p},\dot{\vect{p}}) & = 2 n_0 \alpha\, \frac{...
The control sequence at the end of the top line
of your error message was never \def'ed. If you have
misspelled it (e.g., `\hobx'), type `I' and the correct
spelling (e.g., `I\hbox'). Otherwise just continue,
and I'll forget about whatever was undefined.

! Undefined control sequence.
l.117     \mathcal{F}_{D}(\vect{p},\dot{\vect
                                             {p}}) & = 2 n_0 \alpha\, \frac{...
The control sequence at the end of the top line
of your error message was never \def'ed. If you have
misspelled it (e.g., `\hobx'), type `I' and the correct
spelling (e.g., `I\hbox'). Otherwise just continue,
and I'll forget about whatever was undefined.

! Misplaced alignment tab character &.
l.117 ...mathcal{F}_{D}(\vect{p},\dot{\vect{p}}) &
                                                   = 2 n_0 \alpha\, \frac{A^...
I can't figure out why you would want to use a tab mark
here. If you just want an ampersand, the remedy is
simple: Just type `I\&' now. But if some right brace
up above has ended a previous alignment prematurely,
you're probably due for more error messages, and you
might try typing `S' now just to see what is salvageable.

! Misplaced alignment tab character &.
<recently read> &
                 
l.118         &
               \quad - \dot{X} \frac{A^2W_x W_y}{\pi} T_x \frac{\pi}{W_{x}W_...
I can't figure out why you would want to use a tab mark
here. If you just want an ampersand, the remedy is
simple: Just type `I\&' now. But if some right brace
up above has ended a previous alignment prematurely,
you're probably due for more error messages, and you
might try typing `S' now just to see what is salvageable.

! Misplaced alignment tab character &.
<recently read> &
                 
l.119 &
       - \dot{Y}\frac{A^2W_x W_y}{\pi} T_y \frac{\pi}{W_{x}W_{y}} \\
I can't figure out why you would want to use a tab mark
here. If you just want an ampersand, the remedy is
simple: Just type `I\&' now. But if some right brace
up above has ended a previous alignment prematurely,
you're probably due for more error messages, and you
might try typing `S' now just to see what is salvageable.

! Misplaced alignment tab character &.
<recently read> &
                 
l.120         &
               - \frac{A^2W_x W_y}{\pi}\left(W_x^4 \frac{\pi}{2W_{x}^3W_{y}}...
I can't figure out why you would want to use a tab mark
here. If you just want an ampersand, the remedy is
simple: Just type `I\&' now. But if some right brace
up above has ended a previous alignment prematurely,
you're probably due for more error messages, and you
might try typing `S' now just to see what is salvageable.

! Misplaced alignment tab character &.
<recently read> &
                 
l.121         &
               - \frac{A^2W_x W_y}{\pi}\left(T_x^2 \frac{\pi}{W_{x}W_{y}}  +...
I can't figure out why you would want to use a tab mark
here. If you just want an ampersand, the remedy is
simple: Just type `I\&' now. But if some right brace
up above has ended a previous alignment prematurely,
you're probably due for more error messages, and you
might try typing `S' now just to see what is salvageable.

! Misplaced alignment tab character &.
<recently read> &
                 
l.122         &
               - \frac{A^2W_x W_y}{\pi}\left(T_y^2 \frac{\pi}{W_{x}W_{y}}  +...
I can't figure out why you would want to use a tab mark
here. If you just want an ampersand, the remedy is
simple: Just type `I\&' now. But if some right brace
up above has ended a previous alignment prematurely,
you're probably due for more error messages, and you
might try typing `S' now just to see what is salvageable.

! Misplaced alignment tab character &.
<recently read> &
                 
l.123         &
               + 2n_0 \gamma^2 \left<n(\vect{r}_{\perp},z), \frac{A^2W_x W_y...
I can't figure out why you would want to use a tab mark
here. If you just want an ampersand, the remedy is
simple: Just type `I\&' now. But if some right brace
up above has ended a previous alignment prematurely,
you're probably due for more error messages, and you
might try typing `S' now just to see what is salvageable.

! Undefined control sequence.
l.123         &+ 2n_0 \gamma^2 \left<n(\vect
                                            {r}_{\perp},z), \frac{A^2W_x W_y...
The control sequence at the end of the top line
of your error message was never \def'ed. If you have
misspelled it (e.g., `\hobx'), type `I' and the correct
spelling (e.g., `I\hbox'). Otherwise just continue,
and I'll forget about whatever was undefined.


! LaTeX Error: \begin{equation} on input line 115 ended by \end{split}.

See the LaTeX manual or LaTeX Companion for explanation.
Type  H <return>  for immediate help.
 ...                                              
                                                  
l.124     \end{split}
                     
Your command was ignored.
Type  I <command> <return>  to replace it with another command,
or  <return>  to continue without it.


Overfull \hbox (1329.97331pt too wide) detected at line 125
\OMS/cmsy/m/n/10 F[]\OT1/cmr/m/n/10 (\OML/cmm/m/it/10 p; []\OT1/cmr/m/n/10 ) = 
2\OML/cmm/m/it/10 n[] [] [] []   \OMS/cmsy/m/n/10 ^^@ [][]\OML/cmm/m/it/10 T[]
[][]  \OMS/cmsy/m/n/10 ^^@ [][]\OML/cmm/m/it/10 T[][][]  \OMS/cmsy/m/n/10 ^^@ [
] [] []  ^^@ [] [] []  ^^@ [] [] []  \OT1/cmr/m/n/10 + 2\OML/cmm/m/it/10 n[]^^M
[] []
 []


! LaTeX Error: Missing \begin{document}.

See the LaTeX manual or LaTeX Companion for explanation.
Type  H <return>  for immediate help.
 ...                                              
                                                  
l.127 \begin{equation}
                      
You're in trouble here.  Try typing  <return>  to proceed.
If that doesn't work, type  X <return>  to quit.


Overfull \hbox (20.0pt too wide) in paragraph at lines 127--127
[] 
 []


! LaTeX Error: Environment split undefined.

See the LaTeX manual or LaTeX Companion for explanation.
Type  H <return>  for immediate help.
 ...                                              
                                                  
l.128     \begin{split}
                       
Your command was ignored.
Type  I <command> <return>  to replace it with another command,
or  <return>  to continue without it.

! Undefined control sequence.
l.129     \mathcal{F}_{D}(\vect
                               {p},\dot{\vect{p}}) & = 2 n_0 \alpha\, A^2 \l...
The control sequence at the end of the top line
of your error message was never \def'ed. If you have
misspelled it (e.g., `\hobx'), type `I' and the correct
spelling (e.g., `I\hbox'). Otherwise just continue,
and I'll forget about whatever was undefined.

! Undefined control sequence.
l.129     \mathcal{F}_{D}(\vect{p},\dot{\vect
                                             {p}}) & = 2 n_0 \alpha\, A^2 \l...
The control sequence at the end of the top line
of your error message was never \def'ed. If you have
misspelled it (e.g., `\hobx'), type `I' and the correct
spelling (e.g., `I\hbox'). Otherwise just continue,
and I'll forget about whatever was undefined.

! Misplaced alignment tab character &.
l.129 ...mathcal{F}_{D}(\vect{p},\dot{\vect{p}}) &
                                                   = 2 n_0 \alpha\, A^2 \lef...
I can't figure out why you would want to use a tab mark
here. If you just want an ampersand, the remedy is
simple: Just type `I\&' now. But if some right brace
up above has ended a previous alignment prematurely,
you're probably due for more error messages, and you
might try typing `S' now just to see what is salvageable.

! Misplaced alignment tab character &.
<recently read> &
                 
l.130         &
               - A^2 \left(T_x^2 + 2  \frac{F_{x}^2}{W_{x}^2}\right) - A^2 \...
I can't figure out why you would want to use a tab mark
here. If you just want an ampersand, the remedy is
simple: Just type `I\&' now. But if some right brace
up above has ended a previous alignment prematurely,
you're probably due for more error messages, and you
might try typing `S' now just to see what is salvageable.

! Misplaced alignment tab character &.
<recently read> &
                 
l.131         &
               + 2n_0 \gamma^2 \left<n(\vect{r}_{\perp},z), \frac{A^2W_x W_y...
I can't figure out why you would want to use a tab mark
here. If you just want an ampersand, the remedy is
simple: Just type `I\&' now. But if some right brace
up above has ended a previous alignment prematurely,
you're probably due for more error messages, and you
might try typing `S' now just to see what is salvageable.

! Undefined control sequence.
l.131         &+ 2n_0 \gamma^2 \left<n(\vect
                                            {r}_{\perp},z), \frac{A^2W_x W_y...
The control sequence at the end of the top line
of your error message was never \def'ed. If you have
misspelled it (e.g., `\hobx'), type `I' and the correct
spelling (e.g., `I\hbox'). Otherwise just continue,
and I'll forget about whatever was undefined.


! LaTeX Error: \begin{equation} on input line 127 ended by \end{split}.

See the LaTeX manual or LaTeX Companion for explanation.
Type  H <return>  for immediate help.
 ...                                              
                                                  
l.132     \end{split}
                     
Your command was ignored.
Type  I <command> <return>  to replace it with another command,
or  <return>  to continue without it.


Overfull \hbox (803.39554pt too wide) detected at line 133
\OMS/cmsy/m/n/10 F[]\OT1/cmr/m/n/10 (\OML/cmm/m/it/10 p; []\OT1/cmr/m/n/10 ) = 
2\OML/cmm/m/it/10 n[] A[] [] \OMS/cmsy/m/n/10 ^^@ \OML/cmm/m/it/10 A[][]T[] \O
MS/cmsy/m/n/10 ^^@ \OML/cmm/m/it/10 A[][]T[] \OMS/cmsy/m/n/10 ^^@ \OML/cmm/m/it
/10 A[] [] []  \OMS/cmsy/m/n/10 ^^@ \OML/cmm/m/it/10 A[] [] \OMS/cmsy/m/n/10 ^^
@ \OML/cmm/m/it/10 A[] [] []  \OT1/cmr/m/n/10 + 2\OML/cmm/m/it/10 n[]^^M[] []
 []


! LaTeX Error: Missing \begin{document}.

See the LaTeX manual or LaTeX Companion for explanation.
Type  H <return>  for immediate help.
 ...                                              
                                                  
l.136 \begin{equation}
                      
You're in trouble here.  Try typing  <return>  to proceed.
If that doesn't work, type  X <return>  to quit.


Overfull \hbox (20.0pt too wide) in paragraph at lines 136--136
[] 
 []


! LaTeX Error: Environment split undefined.

See the LaTeX manual or LaTeX Companion for explanation.
Type  H <return>  for immediate help.
 ...                                              
                                                  
l.137     \begin{split}
                       
Your command was ignored.
Type  I <command> <return>  to replace it with another command,
or  <return>  to continue without it.

! Undefined control sequence.
l.138     \mathcal{F}_{D}(\vect
                               {p},\dot{\vect{p}}) & = 2 n_0 \alpha\, A^2 \l...
The control sequence at the end of the top line
of your error message was never \def'ed. If you have
misspelled it (e.g., `\hobx'), type `I' and the correct
spelling (e.g., `I\hbox'). Otherwise just continue,
and I'll forget about whatever was undefined.

! Undefined control sequence.
l.138     \mathcal{F}_{D}(\vect{p},\dot{\vect
                                             {p}}) & = 2 n_0 \alpha\, A^2 \l...
The control sequence at the end of the top line
of your error message was never \def'ed. If you have
misspelled it (e.g., `\hobx'), type `I' and the correct
spelling (e.g., `I\hbox'). Otherwise just continue,
and I'll forget about whatever was undefined.

! Misplaced alignment tab character &.
l.138 ...mathcal{F}_{D}(\vect{p},\dot{\vect{p}}) &
                                                   = 2 n_0 \alpha\, A^2 \lef...
I can't figure out why you would want to use a tab mark
here. If you just want an ampersand, the remedy is
simple: Just type `I\&' now. But if some right brace
up above has ended a previous alignment prematurely,
you're probably due for more error messages, and you
might try typing `S' now just to see what is salvageable.

! Misplaced alignment tab character &.
<recently read> &
                 
l.139         &
               - A^2 \left(T_x^2 + T_y^2 \right) - 2 A^2 \left(\frac{F_{x}^2...
I can't figure out why you would want to use a tab mark
here. If you just want an ampersand, the remedy is
simple: Just type `I\&' now. But if some right brace
up above has ended a previous alignment prematurely,
you're probably due for more error messages, and you
might try typing `S' now just to see what is salvageable.

! Misplaced alignment tab character &.
<recently read> &
                 
l.140         &
               + 2n_0 \gamma^2 \left<n(\vect{r}_{\perp},z), \frac{A^2W_x W_y...
I can't figure out why you would want to use a tab mark
here. If you just want an ampersand, the remedy is
simple: Just type `I\&' now. But if some right brace
up above has ended a previous alignment prematurely,
you're probably due for more error messages, and you
might try typing `S' now just to see what is salvageable.

! Undefined control sequence.
l.140         &+ 2n_0 \gamma^2 \left<n(\vect
                                            {r}_{\perp},z), \frac{A^2W_x W_y...
The control sequence at the end of the top line
of your error message was never \def'ed. If you have
misspelled it (e.g., `\hobx'), type `I' and the correct
spelling (e.g., `I\hbox'). Otherwise just continue,
and I'll forget about whatever was undefined.


! LaTeX Error: \begin{equation} on input line 136 ended by \end{split}.

See the LaTeX manual or LaTeX Companion for explanation.
Type  H <return>  for immediate help.
 ...                                              
                                                  
l.141     \end{split}
                     
Your command was ignored.
Type  I <command> <return>  to replace it with another command,
or  <return>  to continue without it.


Overfull \hbox (789.84258pt too wide) detected at line 142
\OMS/cmsy/m/n/10 F[]\OT1/cmr/m/n/10 (\OML/cmm/m/it/10 p; []\OT1/cmr/m/n/10 ) = 
2\OML/cmm/m/it/10 n[] A[] [] \OMS/cmsy/m/n/10 ^^@ \OML/cmm/m/it/10 A[] [] \OMS
/cmsy/m/n/10 ^^@ [] [] []  ^^@ \OML/cmm/m/it/10 A[] [] \OMS/cmsy/m/n/10 ^^@ \OT
1/cmr/m/n/10 2\OML/cmm/m/it/10 A[] [] []  \OT1/cmr/m/n/10 + 2\OML/cmm/m/it/10 n
[]^^M[] []
 []

! Undefined control sequence.
l.145 \subsection
                 {Extracting Parameters}
The control sequence at the end of the top line
of your error message was never \def'ed. If you have
misspelled it (e.g., `\hobx'), type `I' and the correct
spelling (e.g., `I\hbox'). Otherwise just continue,
and I'll forget about whatever was undefined.


! LaTeX Error: Missing \begin{document}.

See the LaTeX manual or LaTeX Companion for explanation.
Type  H <return>  for immediate help.
 ...                                              
                                                  
l.145 \subsection{E
                   xtracting Parameters}
You're in trouble here.  Try typing  <return>  to proceed.
If that doesn't work, type  X <return>  to quit.

Missing character: There is no E in font nullfont!
Missing character: There is no x in font nullfont!
Missing character: There is no t in font nullfont!
Missing character: There is no r in font nullfont!
Missing character: There is no a in font nullfont!
Missing character: There is no c in font nullfont!
Missing character: There is no t in font nullfont!
Missing character: There is no i in font nullfont!
Missing character: There is no n in font nullfont!
Missing character: There is no g in font nullfont!
Missing character: There is no P in font nullfont!
Missing character: There is no a in font nullfont!
Missing character: There is no r in font nullfont!
Missing character: There is no a in font nullfont!
Missing character: There is no m in font nullfont!
Missing character: There is no e in font nullfont!
Missing character: There is no t in font nullfont!
Missing character: There is no e in font nullfont!
Missing character: There is no r in font nullfont!
Missing character: There is no s in font nullfont!

Overfull \hbox (20.0pt too wide) in paragraph at lines 145--146
[]
 []


! LaTeX Error: Missing \begin{document}.

See the LaTeX manual or LaTeX Companion for explanation.
Type  H <return>  for immediate help.
 ...                                              
                                                  
l.147 \begin{equation}
                      
You're in trouble here.  Try typing  <return>  to proceed.
If that doesn't work, type  X <return>  to quit.


Overfull \hbox (20.0pt too wide) in paragraph at lines 147--147
[] 
 []


! LaTeX Error: Environment split undefined.

See the LaTeX manual or LaTeX Companion for explanation.
Type  H <return>  for immediate help.
 ...                                              
                                                  
l.148 \begin{split}
                   
Your command was ignored.
Type  I <command> <return>  to replace it with another command,
or  <return>  to continue without it.


! LaTeX Error: \begin{equation} on input line 147 ended by \end{split}.

See the LaTeX manual or LaTeX Companion for explanation.
Type  H <return>  for immediate help.
 ...                                              
                                                  
l.151 \end{split}
                 
Your command was ignored.
Type  I <command> <return>  to replace it with another command,
or  <return>  to continue without it.


Overfull \hbox (460.9372pt too wide) detected at line 152
[] \OMS/cmsy/m/n/10 j\OML/cmm/m/it/10 u\OMS/cmsy/m/n/10 j[] \OML/cmm/m/it/10 dx
 dy \OT1/cmr/m/n/10 = [] [] [] [] \OML/cmm/m/it/10 dx dy \OT1/cmr/m/n/10 = [] [
] [] [] [] \OML/cmm/m/it/10 d[] d[] \OT1/cmr/m/n/10 = \OML/cmm/m/it/10 A[]
 []


! LaTeX Error: Missing \begin{document}.

See the LaTeX manual or LaTeX Companion for explanation.
Type  H <return>  for immediate help.
 ...                                              
                                                  
l.155 \begin{equation}
                      
You're in trouble here.  Try typing  <return>  to proceed.
If that doesn't work, type  X <return>  to quit.


Overfull \hbox (20.0pt too wide) in paragraph at lines 155--155
[] 
 []


! LaTeX Error: Environment split undefined.

See the LaTeX manual or LaTeX Companion for explanation.
Type  H <return>  for immediate help.
 ...                                              
                                                  
l.156 \begin{split}
                   
Your command was ignored.
Type  I <command> <return>  to replace it with another command,
or  <return>  to continue without it.


! LaTeX Error: \begin{equation} on input line 155 ended by \end{split}.

See the LaTeX manual or LaTeX Companion for explanation.
Type  H <return>  for immediate help.
 ...                                              
                                                  
l.158 \end{split}
                 
Your command was ignored.
Type  I <command> <return>  to replace it with another command,
or  <return>  to continue without it.


Overfull \hbox (507.39732pt too wide) detected at line 159
[] \OML/cmm/m/it/10 x\OMS/cmsy/m/n/10 j\OML/cmm/m/it/10 u\OMS/cmsy/m/n/10 j[] \
OML/cmm/m/it/10 dx dy \OT1/cmr/m/n/10 = [] [] \OML/cmm/m/it/10 x [] [] dx dy \O
T1/cmr/m/n/10 = [] []([] + \OML/cmm/m/it/10 X\OT1/cmr/m/n/10 ) [] [] \OML/cmm/m
/it/10 d[] \OT1/cmr/m/n/10 = \OML/cmm/m/it/10 A[] \OT1/cmr/m/n/10 = \OML/cmm/m/
it/10 A[]X
 []


! LaTeX Error: Missing \begin{document}.

See the LaTeX manual or LaTeX Companion for explanation.
Type  H <return>  for immediate help.
 ...                                              
                                                  
l.161 \begin{equation}
                      
You're in trouble here.  Try typing  <return>  to proceed.
If that doesn't work, type  X <return>  to quit.


Overfull \hbox (20.0pt too wide) in paragraph at lines 161--161
[] 
 []


! LaTeX Error: Environment split undefined.

See the LaTeX manual or LaTeX Companion for explanation.
Type  H <return>  for immediate help.
 ...                                              
                                                  
l.162 \begin{split}
                   
Your command was ignored.
Type  I <command> <return>  to replace it with another command,
or  <return>  to continue without it.


! LaTeX Error: \begin{equation} on input line 161 ended by \end{split}.

See the LaTeX manual or LaTeX Companion for explanation.
Type  H <return>  for immediate help.
 ...                                              
                                                  
l.164 \end{split}
                 
Your command was ignored.
Type  I <command> <return>  to replace it with another command,
or  <return>  to continue without it.


Overfull \hbox (516.51283pt too wide) detected at line 165
[]\OT1/cmr/m/n/10 (\OML/cmm/m/it/10 x \OMS/cmsy/m/n/10 ^^@ \OML/cmm/m/it/10 X\O
T1/cmr/m/n/10 )[]\OMS/cmsy/m/n/10 j\OML/cmm/m/it/10 u\OMS/cmsy/m/n/10 j[] \OML/
cmm/m/it/10 dx dy \OT1/cmr/m/n/10 = [] [](\OML/cmm/m/it/10 x \OMS/cmsy/m/n/10 ^
^@ \OML/cmm/m/it/10 X\OT1/cmr/m/n/10 )[] [] [] \OML/cmm/m/it/10 dx dy \OT1/cmr/
m/n/10 = [] [] [] [] [] \OML/cmm/m/it/10 d[] \OT1/cmr/m/n/10 = []
 []

! Undefined control sequence.
l.168 \subsection
                 {Euler-Lagrange equation(s)}
The control sequence at the end of the top line
of your error message was never \def'ed. If you have
misspelled it (e.g., `\hobx'), type `I' and the correct
spelling (e.g., `I\hbox'). Otherwise just continue,
and I'll forget about whatever was undefined.


! LaTeX Error: Missing \begin{document}.

See the LaTeX manual or LaTeX Companion for explanation.
Type  H <return>  for immediate help.
 ...                                              
                                                  
l.168 \subsection{E
                   uler-Lagrange equation(s)}
You're in trouble here.  Try typing  <return>  to proceed.
If that doesn't work, type  X <return>  to quit.

Missing character: There is no E in font nullfont!
Missing character: There is no u in font nullfont!
Missing character: There is no l in font nullfont!
Missing character: There is no e in font nullfont!
Missing character: There is no r in font nullfont!
Missing character: There is no - in font nullfont!
Missing character: There is no L in font nullfont!
Missing character: There is no a in font nullfont!
Missing character: There is no g in font nullfont!
Missing character: There is no r in font nullfont!
Missing character: There is no a in font nullfont!
Missing character: There is no n in font nullfont!
Missing character: There is no g in font nullfont!
Missing character: There is no e in font nullfont!
Missing character: There is no e in font nullfont!
Missing character: There is no q in font nullfont!
Missing character: There is no u in font nullfont!
Missing character: There is no a in font nullfont!
Missing character: There is no t in font nullfont!
Missing character: There is no i in font nullfont!
Missing character: There is no o in font nullfont!
Missing character: There is no n in font nullfont!
Missing character: There is no ( in font nullfont!
Missing character: There is no s in font nullfont!
Missing character: There is no ) in font nullfont!
Missing character: There is no N in font nullfont!
Missing character: There is no o in font nullfont!
Missing character: There is no w in font nullfont!
Missing character: There is no , in font nullfont!
Missing character: There is no w in font nullfont!
Missing character: There is no e in font nullfont!
Missing character: There is no c in font nullfont!
Missing character: There is no a in font nullfont!
Missing character: There is no n in font nullfont!
Missing character: There is no a in font nullfont!
Missing character: There is no p in font nullfont!
Missing character: There is no p in font nullfont!
Missing character: There is no l in font nullfont!
Missing character: There is no y in font nullfont!
Missing character: There is no t in font nullfont!
Missing character: There is no h in font nullfont!
Missing character: There is no e in font nullfont!
Missing character: There is no E in font nullfont!
Missing character: There is no u in font nullfont!
Missing character: There is no l in font nullfont!
Missing character: There is no e in font nullfont!
Missing character: There is no r in font nullfont!
Missing character: There is no - in font nullfont!
Missing character: There is no L in font nullfont!
Missing character: There is no a in font nullfont!
Missing character: There is no g in font nullfont!
Missing character: There is no r in font nullfont!
Missing character: There is no a in font nullfont!
Missing character: There is no n in font nullfont!
Missing character: There is no g in font nullfont!
Missing character: There is no e in font nullfont!
Missing character: There is no e in font nullfont!
Missing character: There is no q in font nullfont!
Missing character: There is no u in font nullfont!
Missing character: There is no a in font nullfont!
Missing character: There is no t in font nullfont!
Missing character: There is no i in font nullfont!
Missing character: There is no o in font nullfont!
Missing character: There is no n in font nullfont!
Missing character: There is no s in font nullfont!
Missing character: There is no t in font nullfont!
Missing character: There is no o in font nullfont!
Missing character: There is no t in font nullfont!
Missing character: There is no h in font nullfont!
Missing character: There is no e in font nullfont!
Missing character: There is no r in font nullfont!
Missing character: There is no e in font nullfont!
Missing character: There is no d in font nullfont!
Missing character: There is no u in font nullfont!
Missing character: There is no c in font nullfont!
Missing character: There is no e in font nullfont!
Missing character: There is no d in font nullfont!
Missing character: There is no d in font nullfont!
Missing character: There is no e in font nullfont!
Missing character: There is no n in font nullfont!
Missing character: There is no s in font nullfont!
Missing character: There is no i in font nullfont!
Missing character: There is no t in font nullfont!
Missing character: There is no y in font nullfont!
! Undefined control sequence.
l.169 ...he reduced density $\mathcal{F}_{D}(\vect
                                                  {p},\dot{\vect{p}})$, i.e.
The control sequence at the end of the top line
of your error message was never \def'ed. If you have
misspelled it (e.g., `\hobx'), type `I' and the correct
spelling (e.g., `I\hbox'). Otherwise just continue,
and I'll forget about whatever was undefined.

! Undefined control sequence.
l.169 ...sity $\mathcal{F}_{D}(\vect{p},\dot{\vect
                                                  {p}})$, i.e.
The control sequence at the end of the top line
of your error message was never \def'ed. If you have
misspelled it (e.g., `\hobx'), type `I' and the correct
spelling (e.g., `I\hbox'). Otherwise just continue,
and I'll forget about whatever was undefined.

Missing character: There is no , in font nullfont!
Missing character: There is no i in font nullfont!
Missing character: There is no . in font nullfont!
Missing character: There is no e in font nullfont!
Missing character: There is no . in font nullfont!

Overfull \hbox (20.0pt too wide) in paragraph at lines 168--170
[]
 []


Overfull \hbox (36.72595pt too wide) in paragraph at lines 168--170
\OMS/cmsy/m/n/10 F[]\OT1/cmr/m/n/10 (\OML/cmm/m/it/10 p; []\OT1/cmr/m/n/10 )$
 []


! LaTeX Error: Environment split undefined.

See the LaTeX manual or LaTeX Companion for explanation.
Type  H <return>  for immediate help.
 ...                                              
                                                  
l.171 \begin{split}
                   
Your command was ignored.
Type  I <command> <return>  to replace it with another command,
or  <return>  to continue without it.

! Undefined control sequence.
l.172     \der
              {\mathcal{F}_{D}}{p_i}  - \der{}{z}\left(\pder{\mathcal{F}_{D}...
The control sequence at the end of the top line
of your error message was never \def'ed. If you have
misspelled it (e.g., `\hobx'), type `I' and the correct
spelling (e.g., `I\hbox'). Otherwise just continue,
and I'll forget about whatever was undefined.

! Undefined control sequence.
l.172     \der{\mathcal{F}_{D}}{p_i}  - \der
                                            {}{z}\left(\pder{\mathcal{F}_{D}...
The control sequence at the end of the top line
of your error message was never \def'ed. If you have
misspelled it (e.g., `\hobx'), type `I' and the correct
spelling (e.g., `I\hbox'). Otherwise just continue,
and I'll forget about whatever was undefined.

! Undefined control sequence.
l.172 ...hcal{F}_{D}}{p_i}  - \der{}{z}\left(\pder
                                                  {\mathcal{F}_{D}}{\dot{p_i...
The control sequence at the end of the top line
of your error message was never \def'ed. If you have
misspelled it (e.g., `\hobx'), type `I' and the correct
spelling (e.g., `I\hbox'). Otherwise just continue,
and I'll forget about whatever was undefined.


! LaTeX Error: \begin{equation} on input line 170 ended by \end{split}.

See the LaTeX manual or LaTeX Companion for explanation.
Type  H <return>  for immediate help.
 ...                                              
                                                  
l.173 \end{split}
                 
Your command was ignored.
Type  I <command> <return>  to replace it with another command,
or  <return>  to continue without it.


Overfull \hbox (86.24931pt too wide) detected at line 174
[][] \OMS/cmsy/m/n/10 ^^@ []\OML/cmm/m/it/10 z [] \OT1/cmr/m/n/10 = 0
 []

Missing character: There is no f in font nullfont!
Missing character: There is no o in font nullfont!
Missing character: There is no r in font nullfont!
Missing character: There is no . in font nullfont!
Missing character: There is no S in font nullfont!
Missing character: There is no o in font nullfont!
Missing character: There is no l in font nullfont!
Missing character: There is no e in font nullfont!
Missing character: There is no t in font nullfont!
Missing character: There is no s in font nullfont!
Missing character: There is no c in font nullfont!
Missing character: There is no a in font nullfont!
Missing character: There is no l in font nullfont!
Missing character: There is no c in font nullfont!
Missing character: There is no u in font nullfont!
Missing character: There is no l in font nullfont!
Missing character: There is no a in font nullfont!
Missing character: There is no t in font nullfont!
Missing character: There is no e in font nullfont!
Missing character: There is no t in font nullfont!
Missing character: There is no h in font nullfont!
Missing character: There is no e in font nullfont!
Missing character: There is no t in font nullfont!
Missing character: There is no e in font nullfont!
Missing character: There is no r in font nullfont!
Missing character: There is no m in font nullfont!
Missing character: There is no s in font nullfont!
Missing character: There is no o in font nullfont!
Missing character: There is no n in font nullfont!
Missing character: There is no t in font nullfont!
Missing character: There is no h in font nullfont!
Missing character: There is no e in font nullfont!
Missing character: There is no l in font nullfont!
Missing character: There is no e in font nullfont!
Missing character: There is no f in font nullfont!
Missing character: There is no t in font nullfont!
Missing character: There is no s in font nullfont!
Missing character: There is no i in font nullfont!
Missing character: There is no d in font nullfont!
Missing character: There is no e in font nullfont!
Missing character: There is no o in font nullfont!
Missing character: There is no f in font nullfont!
Missing character: There is no e in font nullfont!
Missing character: There is no a in font nullfont!
Missing character: There is no c in font nullfont!
Missing character: There is no h in font nullfont!
Missing character: There is no : in font nullfont!

Overfull \hbox (18.91605pt too wide) in paragraph at lines 174--177
 $\OML/cmm/m/it/10 p[] \OT1/cmr/m/n/10 =
 []


Overfull \hbox (144.81235pt too wide) in paragraph at lines 174--177
\OML/cmm/m/it/10 A; W[]; W[]\OT1/cmr/m/n/10 ; \OML/cmm/m/it/10 T[]; T[]; X; Y\O
T1/cmr/m/n/10 ; \OML/cmm/m/it/10 F[]; F[]; P$
 []


! LaTeX Error: Environment split undefined.

See the LaTeX manual or LaTeX Companion for explanation.
Type  H <return>  for immediate help.
 ...                                              
                                                  
l.178 \begin{split}
                   
Your command was ignored.
Type  I <command> <return>  to replace it with another command,
or  <return>  to continue without it.

! Undefined control sequence.
l.179     \der
              {F_{D}}{A}  &=  2 n_0 \alpha\, (2A) \left(\dot{P}  + \frac{\do...
The control sequence at the end of the top line
of your error message was never \def'ed. If you have
misspelled it (e.g., `\hobx'), type `I' and the correct
spelling (e.g., `I\hbox'). Otherwise just continue,
and I'll forget about whatever was undefined.

! Misplaced alignment tab character &.
l.179     \der{F_{D}}{A}  &
                           =  2 n_0 \alpha\, (2A) \left(\dot{P}  + \frac{\do...
I can't figure out why you would want to use a tab mark
here. If you just want an ampersand, the remedy is
simple: Just type `I\&' now. But if some right brace
up above has ended a previous alignment prematurely,
you're probably due for more error messages, and you
might try typing `S' now just to see what is salvageable.

! Misplaced alignment tab character &.
<recently read> &
                 
l.180         &
               - 2A  \left(T_x^2 + T_y^2 \right) - 4A  \left(\frac{F_{x}^2}{...
I can't figure out why you would want to use a tab mark
here. If you just want an ampersand, the remedy is
simple: Just type `I\&' now. But if some right brace
up above has ended a previous alignment prematurely,
you're probably due for more error messages, and you
might try typing `S' now just to see what is salvageable.

! Undefined control sequence.
l.180 ...2}\right) +  2n_0 \gamma^2 \left< n(\vect
                                                  {r}_{\perp},z),\pder{|u|^2...
The control sequence at the end of the top line
of your error message was never \def'ed. If you have
misspelled it (e.g., `\hobx'), type `I' and the correct
spelling (e.g., `I\hbox'). Otherwise just continue,
and I'll forget about whatever was undefined.

! Undefined control sequence.
l.180 ...amma^2 \left< n(\vect{r}_{\perp},z),\pder
                                                  {|u|^2}{A}\right>\\
The control sequence at the end of the top line
of your error message was never \def'ed. If you have
misspelled it (e.g., `\hobx'), type `I' and the correct
spelling (e.g., `I\hbox'). Otherwise just continue,
and I'll forget about whatever was undefined.

! Undefined control sequence.
<recently read> \der 
                     
l.181     \der
              {}{z}\left(\pder{F_{D}}{\dot{A}}\right) &= \der{}{z}(0) = 0 \\
The control sequence at the end of the top line
of your error message was never \def'ed. If you have
misspelled it (e.g., `\hobx'), type `I' and the correct
spelling (e.g., `I\hbox'). Otherwise just continue,
and I'll forget about whatever was undefined.

! Undefined control sequence.
l.181     \der{}{z}\left(\pder
                              {F_{D}}{\dot{A}}\right) &= \der{}{z}(0) = 0 \\
The control sequence at the end of the top line
of your error message was never \def'ed. If you have
misspelled it (e.g., `\hobx'), type `I' and the correct
spelling (e.g., `I\hbox'). Otherwise just continue,
and I'll forget about whatever was undefined.

! Misplaced alignment tab character &.
l.181 ...{}{z}\left(\pder{F_{D}}{\dot{A}}\right) &
                                                  = \der{}{z}(0) = 0 \\
I can't figure out why you would want to use a tab mark
here. If you just want an ampersand, the remedy is
simple: Just type `I\&' now. But if some right brace
up above has ended a previous alignment prematurely,
you're probably due for more error messages, and you
might try typing `S' now just to see what is salvageable.

! Undefined control sequence.
l.181 ...left(\pder{F_{D}}{\dot{A}}\right) &= \der
                                                  {}{z}(0) = 0 \\
The control sequence at the end of the top line
of your error message was never \def'ed. If you have
misspelled it (e.g., `\hobx'), type `I' and the correct
spelling (e.g., `I\hbox'). Otherwise just continue,
and I'll forget about whatever was undefined.


! LaTeX Error: \begin{equation} on input line 177 ended by \end{split}.

See the LaTeX manual or LaTeX Companion for explanation.
Type  H <return>  for immediate help.
 ...                                              
                                                  
l.182 \end{split}
                 
Your command was ignored.
Type  I <command> <return>  to replace it with another command,
or  <return>  to continue without it.


Overfull \hbox (679.13318pt too wide) detected at line 183
[]\OML/cmm/m/it/10 A \OT1/cmr/m/n/10 = 2\OML/cmm/m/it/10 n[] \OT1/cmr/m/n/10 (
2\OML/cmm/m/it/10 A\OT1/cmr/m/n/10 ) [] \OMS/cmsy/m/n/10 ^^@ \OT1/cmr/m/n/10 2\
OML/cmm/m/it/10 A [] \OMS/cmsy/m/n/10 ^^@ \OML/cmm/m/it/10 A [] []  \OMS/cmsy/m
/n/10 ^^@ \OT1/cmr/m/n/10 2\OML/cmm/m/it/10 A [] \OMS/cmsy/m/n/10 ^^@ \OT1/cmr/
m/n/10 4\OML/cmm/m/it/10 A [] \OT1/cmr/m/n/10 + 2\OML/cmm/m/it/10 n[]^^M[] [] [
] []z [] \OT1/cmr/m/n/10 = []\OML/cmm/m/it/10 z\OT1/cmr/m/n/10 (0) = 0[] 
 []


! LaTeX Error: Missing \begin{document}.

See the LaTeX manual or LaTeX Companion for explanation.
Type  H <return>  for immediate help.
 ...                                              
                                                  
l.185 \begin{equation}
                      
You're in trouble here.  Try typing  <return>  to proceed.
If that doesn't work, type  X <return>  to quit.


Overfull \hbox (20.0pt too wide) in paragraph at lines 185--185
[] 
 []


! LaTeX Error: Environment split undefined.

See the LaTeX manual or LaTeX Companion for explanation.
Type  H <return>  for immediate help.
 ...                                              
                                                  
l.186 \begin{split}
                   
Your command was ignored.
Type  I <command> <return>  to replace it with another command,
or  <return>  to continue without it.

! Undefined control sequence.
l.187     \der
              {F_{D}}{W_x} & = 2 n_0 \alpha\, A^2 \left(  -\frac{\dot{F}_{x}...
The control sequence at the end of the top line
of your error message was never \def'ed. If you have
misspelled it (e.g., `\hobx'), type `I' and the correct
spelling (e.g., `I\hbox'). Otherwise just continue,
and I'll forget about whatever was undefined.

! Misplaced alignment tab character &.
l.187     \der{F_{D}}{W_x} &
                             = 2 n_0 \alpha\, A^2 \left(  -\frac{\dot{F}_{x}...
I can't figure out why you would want to use a tab mark
here. If you just want an ampersand, the remedy is
simple: Just type `I\&' now. But if some right brace
up above has ended a previous alignment prematurely,
you're probably due for more error messages, and you
might try typing `S' now just to see what is salvageable.

! Undefined control sequence.
l.187 ...}{W_{x}^3}  + 2n_0 \gamma^2 \left<n(\vect
                                                  {r}_{\perp},z), \pder{|u|^...
The control sequence at the end of the top line
of your error message was never \def'ed. If you have
misspelled it (e.g., `\hobx'), type `I' and the correct
spelling (e.g., `I\hbox'). Otherwise just continue,
and I'll forget about whatever was undefined.

! Undefined control sequence.
l.187 ...amma^2 \left<n(\vect{r}_{\perp},z), \pder
                                                  {|u|^2}{W_{x}}\right>\\
The control sequence at the end of the top line
of your error message was never \def'ed. If you have
misspelled it (e.g., `\hobx'), type `I' and the correct
spelling (e.g., `I\hbox'). Otherwise just continue,
and I'll forget about whatever was undefined.

! Undefined control sequence.
<recently read> \der 
                     
l.188 \der
          {}{z}\left(\pder{F_{D}}{\dot{W_x}}\right) &= \der{}{z}(0) = 0
The control sequence at the end of the top line
of your error message was never \def'ed. If you have
misspelled it (e.g., `\hobx'), type `I' and the correct
spelling (e.g., `I\hbox'). Otherwise just continue,
and I'll forget about whatever was undefined.

! Undefined control sequence.
l.188 \der{}{z}\left(\pder
                          {F_{D}}{\dot{W_x}}\right) &= \der{}{z}(0) = 0
The control sequence at the end of the top line
of your error message was never \def'ed. If you have
misspelled it (e.g., `\hobx'), type `I' and the correct
spelling (e.g., `I\hbox'). Otherwise just continue,
and I'll forget about whatever was undefined.

! Misplaced alignment tab character &.
l.188 ...{z}\left(\pder{F_{D}}{\dot{W_x}}\right) &
                                                  = \der{}{z}(0) = 0
I can't figure out why you would want to use a tab mark
here. If you just want an ampersand, the remedy is
simple: Just type `I\&' now. But if some right brace
up above has ended a previous alignment prematurely,
you're probably due for more error messages, and you
might try typing `S' now just to see what is salvageable.

! Undefined control sequence.
l.188 ...ft(\pder{F_{D}}{\dot{W_x}}\right) &= \der
                                                  {}{z}(0) = 0
The control sequence at the end of the top line
of your error message was never \def'ed. If you have
misspelled it (e.g., `\hobx'), type `I' and the correct
spelling (e.g., `I\hbox'). Otherwise just continue,
and I'll forget about whatever was undefined.


! LaTeX Error: \begin{equation} on input line 185 ended by \end{split}.

See the LaTeX manual or LaTeX Companion for explanation.
Type  H <return>  for immediate help.
 ...                                              
                                                  
l.189 \end{split}
                 
Your command was ignored.
Type  I <command> <return>  to replace it with another command,
or  <return>  to continue without it.


Overfull \hbox (408.72461pt too wide) detected at line 190
[][] \OT1/cmr/m/n/10 = 2\OML/cmm/m/it/10 n[] A[] [] \OMS/cmsy/m/n/10 ^^@ \OML/
cmm/m/it/10 A[]W[] \OT1/cmr/m/n/10 + 4\OML/cmm/m/it/10 A[][] \OT1/cmr/m/n/10 + 
2\OML/cmm/m/it/10 n[]^^M[] [] [] []z [] \OT1/cmr/m/n/10 = []\OML/cmm/m/it/10 z\
OT1/cmr/m/n/10 (0) = 0
 []


! LaTeX Error: Missing \begin{document}.

See the LaTeX manual or LaTeX Companion for explanation.
Type  H <return>  for immediate help.
 ...                                              
                                                  
l.192 \begin{equation}
                      
You're in trouble here.  Try typing  <return>  to proceed.
If that doesn't work, type  X <return>  to quit.


Overfull \hbox (20.0pt too wide) in paragraph at lines 192--192
[] 
 []


! LaTeX Error: Environment split undefined.

See the LaTeX manual or LaTeX Companion for explanation.
Type  H <return>  for immediate help.
 ...                                              
                                                  
l.193 \begin{split}
                   
Your command was ignored.
Type  I <command> <return>  to replace it with another command,
or  <return>  to continue without it.

! Undefined control sequence.
l.194     \der
              {F_{D}}{W_y} & = 2 n_0 \alpha\, A^2 \left(  -\frac{\dot{F}_{y}...
The control sequence at the end of the top line
of your error message was never \def'ed. If you have
misspelled it (e.g., `\hobx'), type `I' and the correct
spelling (e.g., `I\hbox'). Otherwise just continue,
and I'll forget about whatever was undefined.

! Misplaced alignment tab character &.
l.194     \der{F_{D}}{W_y} &
                             = 2 n_0 \alpha\, A^2 \left(  -\frac{\dot{F}_{y}...
I can't figure out why you would want to use a tab mark
here. If you just want an ampersand, the remedy is
simple: Just type `I\&' now. But if some right brace
up above has ended a previous alignment prematurely,
you're probably due for more error messages, and you
might try typing `S' now just to see what is salvageable.

! Undefined control sequence.
l.194 ...}{W_{y}^3}  + 2n_0 \gamma^2 \left<n(\vect
                                                  {r}_{\perp},z), \pder{|u|^...
The control sequence at the end of the top line
of your error message was never \def'ed. If you have
misspelled it (e.g., `\hobx'), type `I' and the correct
spelling (e.g., `I\hbox'). Otherwise just continue,
and I'll forget about whatever was undefined.

! Undefined control sequence.
l.194 ...amma^2 \left<n(\vect{r}_{\perp},z), \pder
                                                  {|u|^2}{W_{y}}\right>\\
The control sequence at the end of the top line
of your error message was never \def'ed. If you have
misspelled it (e.g., `\hobx'), type `I' and the correct
spelling (e.g., `I\hbox'). Otherwise just continue,
and I'll forget about whatever was undefined.

! Undefined control sequence.
<recently read> \der 
                     
l.195 \der
          {}{z}\left(\pder{F_{D}}{\dot{W_y}}\right) &= \der{}{z}(0) = 0
The control sequence at the end of the top line
of your error message was never \def'ed. If you have
misspelled it (e.g., `\hobx'), type `I' and the correct
spelling (e.g., `I\hbox'). Otherwise just continue,
and I'll forget about whatever was undefined.

! Undefined control sequence.
l.195 \der{}{z}\left(\pder
                          {F_{D}}{\dot{W_y}}\right) &= \der{}{z}(0) = 0
The control sequence at the end of the top line
of your error message was never \def'ed. If you have
misspelled it (e.g., `\hobx'), type `I' and the correct
spelling (e.g., `I\hbox'). Otherwise just continue,
and I'll forget about whatever was undefined.

! Misplaced alignment tab character &.
l.195 ...{z}\left(\pder{F_{D}}{\dot{W_y}}\right) &
                                                  = \der{}{z}(0) = 0
I can't figure out why you would want to use a tab mark
here. If you just want an ampersand, the remedy is
simple: Just type `I\&' now. But if some right brace
up above has ended a previous alignment prematurely,
you're probably due for more error messages, and you
might try typing `S' now just to see what is salvageable.

! Undefined control sequence.
l.195 ...ft(\pder{F_{D}}{\dot{W_y}}\right) &= \der
                                                  {}{z}(0) = 0
The control sequence at the end of the top line
of your error message was never \def'ed. If you have
misspelled it (e.g., `\hobx'), type `I' and the correct
spelling (e.g., `I\hbox'). Otherwise just continue,
and I'll forget about whatever was undefined.


! LaTeX Error: \begin{equation} on input line 192 ended by \end{split}.

See the LaTeX manual or LaTeX Companion for explanation.
Type  H <return>  for immediate help.
 ...                                              
                                                  
l.196 \end{split}
                 
Your command was ignored.
Type  I <command> <return>  to replace it with another command,
or  <return>  to continue without it.


Overfull \hbox (407.81268pt too wide) detected at line 197
[][] \OT1/cmr/m/n/10 = 2\OML/cmm/m/it/10 n[] A[] [] \OMS/cmsy/m/n/10 ^^@ \OML/
cmm/m/it/10 A[]W[] \OT1/cmr/m/n/10 + 4\OML/cmm/m/it/10 A[][] \OT1/cmr/m/n/10 + 
2\OML/cmm/m/it/10 n[]^^M[] [] [] []z [] \OT1/cmr/m/n/10 = []\OML/cmm/m/it/10 z\
OT1/cmr/m/n/10 (0) = 0
 []


! LaTeX Error: Missing \begin{document}.

See the LaTeX manual or LaTeX Companion for explanation.
Type  H <return>  for immediate help.
 ...                                              
                                                  
l.199 \begin{equation}
                      
You're in trouble here.  Try typing  <return>  to proceed.
If that doesn't work, type  X <return>  to quit.


Overfull \hbox (20.0pt too wide) in paragraph at lines 199--199
[] 
 []


! LaTeX Error: Environment split undefined.

See the LaTeX manual or LaTeX Companion for explanation.
Type  H <return>  for immediate help.
 ...                                              
                                                  
l.200 \begin{split}
                   
Your command was ignored.
Type  I <command> <return>  to replace it with another command,
or  <return>  to continue without it.

! Undefined control sequence.
l.201     \der
              {F_{D}}{T_x} & = -A^2 \dot{X} - 2A^2 T_x  + 2n_0 \gamma^2 \lef...
The control sequence at the end of the top line
of your error message was never \def'ed. If you have
misspelled it (e.g., `\hobx'), type `I' and the correct
spelling (e.g., `I\hbox'). Otherwise just continue,
and I'll forget about whatever was undefined.

! Misplaced alignment tab character &.
l.201     \der{F_{D}}{T_x} &
                             = -A^2 \dot{X} - 2A^2 T_x  + 2n_0 \gamma^2 \lef...
I can't figure out why you would want to use a tab mark
here. If you just want an ampersand, the remedy is
simple: Just type `I\&' now. But if some right brace
up above has ended a previous alignment prematurely,
you're probably due for more error messages, and you
might try typing `S' now just to see what is salvageable.

! Undefined control sequence.
l.201 ...- 2A^2 T_x  + 2n_0 \gamma^2 \left<n(\vect
                                                  {r}_{\perp},z), \pder{|u|^...
The control sequence at the end of the top line
of your error message was never \def'ed. If you have
misspelled it (e.g., `\hobx'), type `I' and the correct
spelling (e.g., `I\hbox'). Otherwise just continue,
and I'll forget about whatever was undefined.

! Undefined control sequence.
l.201 ...amma^2 \left<n(\vect{r}_{\perp},z), \pder
                                                  {|u|^2}{T_{x}}\right>\\
The control sequence at the end of the top line
of your error message was never \def'ed. If you have
misspelled it (e.g., `\hobx'), type `I' and the correct
spelling (e.g., `I\hbox'). Otherwise just continue,
and I'll forget about whatever was undefined.

! Undefined control sequence.
<recently read> \der 
                     
l.202 \der
          {}{z}\left(\pder{F_{D}}{\dot{T_x}}\right) &= \der{}{z}(0) = 0
The control sequence at the end of the top line
of your error message was never \def'ed. If you have
misspelled it (e.g., `\hobx'), type `I' and the correct
spelling (e.g., `I\hbox'). Otherwise just continue,
and I'll forget about whatever was undefined.

! Undefined control sequence.
l.202 \der{}{z}\left(\pder
                          {F_{D}}{\dot{T_x}}\right) &= \der{}{z}(0) = 0
The control sequence at the end of the top line
of your error message was never \def'ed. If you have
misspelled it (e.g., `\hobx'), type `I' and the correct
spelling (e.g., `I\hbox'). Otherwise just continue,
and I'll forget about whatever was undefined.

! Misplaced alignment tab character &.
l.202 ...{z}\left(\pder{F_{D}}{\dot{T_x}}\right) &
                                                  = \der{}{z}(0) = 0
I can't figure out why you would want to use a tab mark
here. If you just want an ampersand, the remedy is
simple: Just type `I\&' now. But if some right brace
up above has ended a previous alignment prematurely,
you're probably due for more error messages, and you
might try typing `S' now just to see what is salvageable.

! Undefined control sequence.
l.202 ...ft(\pder{F_{D}}{\dot{T_x}}\right) &= \der
                                                  {}{z}(0) = 0
The control sequence at the end of the top line
of your error message was never \def'ed. If you have
misspelled it (e.g., `\hobx'), type `I' and the correct
spelling (e.g., `I\hbox'). Otherwise just continue,
and I'll forget about whatever was undefined.


! LaTeX Error: \begin{equation} on input line 199 ended by \end{split}.

See the LaTeX manual or LaTeX Companion for explanation.
Type  H <return>  for immediate help.
 ...                                              
                                                  
l.203 \end{split}
                 
Your command was ignored.
Type  I <command> <return>  to replace it with another command,
or  <return>  to continue without it.


Overfull \hbox (307.09923pt too wide) detected at line 204
[][] \OT1/cmr/m/n/10 = \OMS/cmsy/m/n/10 ^^@\OML/cmm/m/it/10 A[][] \OMS/cmsy/m/n
/10 ^^@ \OT1/cmr/m/n/10 2\OML/cmm/m/it/10 A[]T[] \OT1/cmr/m/n/10 + 2\OML/cmm/m/
it/10 n[]^^M[] [] [] []z [] \OT1/cmr/m/n/10 = []\OML/cmm/m/it/10 z\OT1/cmr/m/n/
10 (0) = 0
 []


! LaTeX Error: Missing \begin{document}.

See the LaTeX manual or LaTeX Companion for explanation.
Type  H <return>  for immediate help.
 ...                                              
                                                  
l.206 \begin{equation}
                      
You're in trouble here.  Try typing  <return>  to proceed.
If that doesn't work, type  X <return>  to quit.


Overfull \hbox (20.0pt too wide) in paragraph at lines 206--206
[] 
 []


! LaTeX Error: Environment split undefined.

See the LaTeX manual or LaTeX Companion for explanation.
Type  H <return>  for immediate help.
 ...                                              
                                                  
l.207 \begin{split}
                   
Your command was ignored.
Type  I <command> <return>  to replace it with another command,
or  <return>  to continue without it.

! Undefined control sequence.
l.208     \der
              {F_{D}}{T_y} & = -A^2 \dot{Y} - 2A^2 T_y  + 2n_0 \gamma^2 \lef...
The control sequence at the end of the top line
of your error message was never \def'ed. If you have
misspelled it (e.g., `\hobx'), type `I' and the correct
spelling (e.g., `I\hbox'). Otherwise just continue,
and I'll forget about whatever was undefined.

! Misplaced alignment tab character &.
l.208     \der{F_{D}}{T_y} &
                             = -A^2 \dot{Y} - 2A^2 T_y  + 2n_0 \gamma^2 \lef...
I can't figure out why you would want to use a tab mark
here. If you just want an ampersand, the remedy is
simple: Just type `I\&' now. But if some right brace
up above has ended a previous alignment prematurely,
you're probably due for more error messages, and you
might try typing `S' now just to see what is salvageable.

! Undefined control sequence.
l.208 ...- 2A^2 T_y  + 2n_0 \gamma^2 \left<n(\vect
                                                  {r}_{\perp},z), \pder{|u|^...
The control sequence at the end of the top line
of your error message was never \def'ed. If you have
misspelled it (e.g., `\hobx'), type `I' and the correct
spelling (e.g., `I\hbox'). Otherwise just continue,
and I'll forget about whatever was undefined.

! Undefined control sequence.
l.208 ...amma^2 \left<n(\vect{r}_{\perp},z), \pder
                                                  {|u|^2}{T_{y}}\right>\\
The control sequence at the end of the top line
of your error message was never \def'ed. If you have
misspelled it (e.g., `\hobx'), type `I' and the correct
spelling (e.g., `I\hbox'). Otherwise just continue,
and I'll forget about whatever was undefined.

! Undefined control sequence.
<recently read> \der 
                     
l.209 \der
          {}{z}\left(\pder{F_{D}}{\dot{T_y}}\right) &= \der{}{z}(0) = 0
The control sequence at the end of the top line
of your error message was never \def'ed. If you have
misspelled it (e.g., `\hobx'), type `I' and the correct
spelling (e.g., `I\hbox'). Otherwise just continue,
and I'll forget about whatever was undefined.

! Undefined control sequence.
l.209 \der{}{z}\left(\pder
                          {F_{D}}{\dot{T_y}}\right) &= \der{}{z}(0) = 0
The control sequence at the end of the top line
of your error message was never \def'ed. If you have
misspelled it (e.g., `\hobx'), type `I' and the correct
spelling (e.g., `I\hbox'). Otherwise just continue,
and I'll forget about whatever was undefined.

! Misplaced alignment tab character &.
l.209 ...{z}\left(\pder{F_{D}}{\dot{T_y}}\right) &
                                                  = \der{}{z}(0) = 0
I can't figure out why you would want to use a tab mark
here. If you just want an ampersand, the remedy is
simple: Just type `I\&' now. But if some right brace
up above has ended a previous alignment prematurely,
you're probably due for more error messages, and you
might try typing `S' now just to see what is salvageable.

! Undefined control sequence.
l.209 ...ft(\pder{F_{D}}{\dot{T_y}}\right) &= \der
                                                  {}{z}(0) = 0
The control sequence at the end of the top line
of your error message was never \def'ed. If you have
misspelled it (e.g., `\hobx'), type `I' and the correct
spelling (e.g., `I\hbox'). Otherwise just continue,
and I'll forget about whatever was undefined.


! LaTeX Error: \begin{equation} on input line 206 ended by \end{split}.

See the LaTeX manual or LaTeX Companion for explanation.
Type  H <return>  for immediate help.
 ...                                              
                                                  
l.210 \end{split}
                 
Your command was ignored.
Type  I <command> <return>  to replace it with another command,
or  <return>  to continue without it.


Overfull \hbox (305.14566pt too wide) detected at line 211
[][] \OT1/cmr/m/n/10 = \OMS/cmsy/m/n/10 ^^@\OML/cmm/m/it/10 A[][] \OMS/cmsy/m/n
/10 ^^@ \OT1/cmr/m/n/10 2\OML/cmm/m/it/10 A[]T[] \OT1/cmr/m/n/10 + 2\OML/cmm/m/
it/10 n[]^^M[] [] [] []z [] \OT1/cmr/m/n/10 = []\OML/cmm/m/it/10 z\OT1/cmr/m/n/
10 (0) = 0
 []


! LaTeX Error: Missing \begin{document}.

See the LaTeX manual or LaTeX Companion for explanation.
Type  H <return>  for immediate help.
 ...                                              
                                                  
l.214 \begin{equation}
                      
You're in trouble here.  Try typing  <return>  to proceed.
If that doesn't work, type  X <return>  to quit.


Overfull \hbox (20.0pt too wide) in paragraph at lines 214--214
[] 
 []


! LaTeX Error: Environment split undefined.

See the LaTeX manual or LaTeX Companion for explanation.
Type  H <return>  for immediate help.
 ...                                              
                                                  
l.215 \begin{split}
                   
Your command was ignored.
Type  I <command> <return>  to replace it with another command,
or  <return>  to continue without it.

! Undefined control sequence.
l.216     \der
              {F_{D}}{X} & = 2n_0 \gamma^2 \left<n(\vect{r}_{\perp},z), \pde...
The control sequence at the end of the top line
of your error message was never \def'ed. If you have
misspelled it (e.g., `\hobx'), type `I' and the correct
spelling (e.g., `I\hbox'). Otherwise just continue,
and I'll forget about whatever was undefined.

! Misplaced alignment tab character &.
l.216     \der{F_{D}}{X} &
                           = 2n_0 \gamma^2 \left<n(\vect{r}_{\perp},z), \pde...
I can't figure out why you would want to use a tab mark
here. If you just want an ampersand, the remedy is
simple: Just type `I\&' now. But if some right brace
up above has ended a previous alignment prematurely,
you're probably due for more error messages, and you
might try typing `S' now just to see what is salvageable.

! Undefined control sequence.
l.216 ...F_{D}}{X} & = 2n_0 \gamma^2 \left<n(\vect
                                                  {r}_{\perp},z), \pder{|u|^...
The control sequence at the end of the top line
of your error message was never \def'ed. If you have
misspelled it (e.g., `\hobx'), type `I' and the correct
spelling (e.g., `I\hbox'). Otherwise just continue,
and I'll forget about whatever was undefined.

! Undefined control sequence.
l.216 ...amma^2 \left<n(\vect{r}_{\perp},z), \pder
                                                  {|u|^2}{X}\right>\\
The control sequence at the end of the top line
of your error message was never \def'ed. If you have
misspelled it (e.g., `\hobx'), type `I' and the correct
spelling (e.g., `I\hbox'). Otherwise just continue,
and I'll forget about whatever was undefined.

! Undefined control sequence.
<recently read> \der 
                     
l.217 \der
          {}{z}\left(\pder{F_{D}}{\dot{X}}\right) &= \der{}{z}\left(-A^2 T_x...
The control sequence at the end of the top line
of your error message was never \def'ed. If you have
misspelled it (e.g., `\hobx'), type `I' and the correct
spelling (e.g., `I\hbox'). Otherwise just continue,
and I'll forget about whatever was undefined.

! Undefined control sequence.
l.217 \der{}{z}\left(\pder
                          {F_{D}}{\dot{X}}\right) &= \der{}{z}\left(-A^2 T_x...
The control sequence at the end of the top line
of your error message was never \def'ed. If you have
misspelled it (e.g., `\hobx'), type `I' and the correct
spelling (e.g., `I\hbox'). Otherwise just continue,
and I'll forget about whatever was undefined.

! Misplaced alignment tab character &.
l.217 ...{}{z}\left(\pder{F_{D}}{\dot{X}}\right) &
                                                  = \der{}{z}\left(-A^2 T_x ...
I can't figure out why you would want to use a tab mark
here. If you just want an ampersand, the remedy is
simple: Just type `I\&' now. But if some right brace
up above has ended a previous alignment prematurely,
you're probably due for more error messages, and you
might try typing `S' now just to see what is salvageable.

! Undefined control sequence.
l.217 ...left(\pder{F_{D}}{\dot{X}}\right) &= \der
                                                  {}{z}\left(-A^2 T_x \right)
The control sequence at the end of the top line
of your error message was never \def'ed. If you have
misspelled it (e.g., `\hobx'), type `I' and the correct
spelling (e.g., `I\hbox'). Otherwise just continue,
and I'll forget about whatever was undefined.


! LaTeX Error: \begin{equation} on input line 214 ended by \end{split}.

See the LaTeX manual or LaTeX Companion for explanation.
Type  H <return>  for immediate help.
 ...                                              
                                                  
l.218 \end{split}
                 
Your command was ignored.
Type  I <command> <return>  to replace it with another command,
or  <return>  to continue without it.


Overfull \hbox (239.78317pt too wide) detected at line 219
[]\OML/cmm/m/it/10 X \OT1/cmr/m/n/10 = 2\OML/cmm/m/it/10 n[]^^M[] [] [] []z [] 
\OT1/cmr/m/n/10 = []\OML/cmm/m/it/10 z []
 []


! LaTeX Error: Missing \begin{document}.

See the LaTeX manual or LaTeX Companion for explanation.
Type  H <return>  for immediate help.
 ...                                              
                                                  
l.221 \begin{equation}
                      
You're in trouble here.  Try typing  <return>  to proceed.
If that doesn't work, type  X <return>  to quit.


Overfull \hbox (20.0pt too wide) in paragraph at lines 221--221
[] 
 []


! LaTeX Error: Environment split undefined.

See the LaTeX manual or LaTeX Companion for explanation.
Type  H <return>  for immediate help.
 ...                                              
                                                  
l.222 \begin{split}
                   
Your command was ignored.
Type  I <command> <return>  to replace it with another command,
or  <return>  to continue without it.

! Undefined control sequence.
l.223     \der
              {F_{D}}{Y} & = 2n_0 \gamma^2 \left<n(\vect{r}_{\perp},z), \pde...
The control sequence at the end of the top line
of your error message was never \def'ed. If you have
misspelled it (e.g., `\hobx'), type `I' and the correct
spelling (e.g., `I\hbox'). Otherwise just continue,
and I'll forget about whatever was undefined.

! Misplaced alignment tab character &.
l.223     \der{F_{D}}{Y} &
                           = 2n_0 \gamma^2 \left<n(\vect{r}_{\perp},z), \pde...
I can't figure out why you would want to use a tab mark
here. If you just want an ampersand, the remedy is
simple: Just type `I\&' now. But if some right brace
up above has ended a previous alignment prematurely,
you're probably due for more error messages, and you
might try typing `S' now just to see what is salvageable.

! Undefined control sequence.
l.223 ...F_{D}}{Y} & = 2n_0 \gamma^2 \left<n(\vect
                                                  {r}_{\perp},z), \pder{|u|^...
The control sequence at the end of the top line
of your error message was never \def'ed. If you have
misspelled it (e.g., `\hobx'), type `I' and the correct
spelling (e.g., `I\hbox'). Otherwise just continue,
and I'll forget about whatever was undefined.

! Undefined control sequence.
l.223 ...amma^2 \left<n(\vect{r}_{\perp},z), \pder
                                                  {|u|^2}{Y}\right>\\
The control sequence at the end of the top line
of your error message was never \def'ed. If you have
misspelled it (e.g., `\hobx'), type `I' and the correct
spelling (e.g., `I\hbox'). Otherwise just continue,
and I'll forget about whatever was undefined.

! Undefined control sequence.
<recently read> \der 
                     
l.224 \der
          {}{z}\left(\pder{F_{D}}{\dot{Y}}\right) &= \der{}{z}\left(-A^2 T_y...
The control sequence at the end of the top line
of your error message was never \def'ed. If you have
misspelled it (e.g., `\hobx'), type `I' and the correct
spelling (e.g., `I\hbox'). Otherwise just continue,
and I'll forget about whatever was undefined.

! Undefined control sequence.
l.224 \der{}{z}\left(\pder
                          {F_{D}}{\dot{Y}}\right) &= \der{}{z}\left(-A^2 T_y...
The control sequence at the end of the top line
of your error message was never \def'ed. If you have
misspelled it (e.g., `\hobx'), type `I' and the correct
spelling (e.g., `I\hbox'). Otherwise just continue,
and I'll forget about whatever was undefined.

! Misplaced alignment tab character &.
l.224 ...{}{z}\left(\pder{F_{D}}{\dot{Y}}\right) &
                                                  = \der{}{z}\left(-A^2 T_y ...
I can't figure out why you would want to use a tab mark
here. If you just want an ampersand, the remedy is
simple: Just type `I\&' now. But if some right brace
up above has ended a previous alignment prematurely,
you're probably due for more error messages, and you
might try typing `S' now just to see what is salvageable.

! Undefined control sequence.
l.224 ...left(\pder{F_{D}}{\dot{Y}}\right) &= \der
                                                  {}{z}\left(-A^2 T_y \right)
The control sequence at the end of the top line
of your error message was never \def'ed. If you have
misspelled it (e.g., `\hobx'), type `I' and the correct
spelling (e.g., `I\hbox'). Otherwise just continue,
and I'll forget about whatever was undefined.


! LaTeX Error: \begin{equation} on input line 221 ended by \end{split}.

See the LaTeX manual or LaTeX Companion for explanation.
Type  H <return>  for immediate help.
 ...                                              
                                                  
l.225 \end{split}
                 
Your command was ignored.
Type  I <command> <return>  to replace it with another command,
or  <return>  to continue without it.


Overfull \hbox (236.43027pt too wide) detected at line 226
[]\OML/cmm/m/it/10 Y \OT1/cmr/m/n/10 = 2\OML/cmm/m/it/10 n[]^^M[] [] [] []z [] 
\OT1/cmr/m/n/10 = []\OML/cmm/m/it/10 z []
 []


! LaTeX Error: Missing \begin{document}.

See the LaTeX manual or LaTeX Companion for explanation.
Type  H <return>  for immediate help.
 ...                                              
                                                  
l.229 \begin{equation}
                      
You're in trouble here.  Try typing  <return>  to proceed.
If that doesn't work, type  X <return>  to quit.


Overfull \hbox (20.0pt too wide) in paragraph at lines 229--229
[] 
 []


! LaTeX Error: Environment split undefined.

See the LaTeX manual or LaTeX Companion for explanation.
Type  H <return>  for immediate help.
 ...                                              
                                                  
l.230 \begin{split}
                   
Your command was ignored.
Type  I <command> <return>  to replace it with another command,
or  <return>  to continue without it.

! Undefined control sequence.
l.231     \der
              {F_{D}}{F_x}  &=  - 4 A^2 \frac{F_{x}}{W_{x}^2} + 2n_0 \gamma^...
The control sequence at the end of the top line
of your error message was never \def'ed. If you have
misspelled it (e.g., `\hobx'), type `I' and the correct
spelling (e.g., `I\hbox'). Otherwise just continue,
and I'll forget about whatever was undefined.

! Misplaced alignment tab character &.
l.231     \der{F_{D}}{F_x}  &
                             =  - 4 A^2 \frac{F_{x}}{W_{x}^2} + 2n_0 \gamma^...
I can't figure out why you would want to use a tab mark
here. If you just want an ampersand, the remedy is
simple: Just type `I\&' now. But if some right brace
up above has ended a previous alignment prematurely,
you're probably due for more error messages, and you
might try typing `S' now just to see what is salvageable.

! Undefined control sequence.
l.231 ...}}{W_{x}^2} + 2n_0 \gamma^2 \left<n(\vect
                                                  {r}_{\perp},z),\pder{|u|^2...
The control sequence at the end of the top line
of your error message was never \def'ed. If you have
misspelled it (e.g., `\hobx'), type `I' and the correct
spelling (e.g., `I\hbox'). Otherwise just continue,
and I'll forget about whatever was undefined.

! Undefined control sequence.
l.231 ...gamma^2 \left<n(\vect{r}_{\perp},z),\pder
                                                  {|u|^2}{F_x}\right> \\
The control sequence at the end of the top line
of your error message was never \def'ed. If you have
misspelled it (e.g., `\hobx'), type `I' and the correct
spelling (e.g., `I\hbox'). Otherwise just continue,
and I'll forget about whatever was undefined.

! Undefined control sequence.
<recently read> \der 
                     
l.232     \der
              {}{z}\left(\pder{F_{D}}{\dot{F_x}}\right) &= 2 n_0 \alpha \der...
The control sequence at the end of the top line
of your error message was never \def'ed. If you have
misspelled it (e.g., `\hobx'), type `I' and the correct
spelling (e.g., `I\hbox'). Otherwise just continue,
and I'll forget about whatever was undefined.

! Undefined control sequence.
l.232     \der{}{z}\left(\pder
                              {F_{D}}{\dot{F_x}}\right) &= 2 n_0 \alpha \der...
The control sequence at the end of the top line
of your error message was never \def'ed. If you have
misspelled it (e.g., `\hobx'), type `I' and the correct
spelling (e.g., `I\hbox'). Otherwise just continue,
and I'll forget about whatever was undefined.

! Misplaced alignment tab character &.
l.232 ...{z}\left(\pder{F_{D}}{\dot{F_x}}\right) &
                                                  = 2 n_0 \alpha \der{}{z}\l...
I can't figure out why you would want to use a tab mark
here. If you just want an ampersand, the remedy is
simple: Just type `I\&' now. But if some right brace
up above has ended a previous alignment prematurely,
you're probably due for more error messages, and you
might try typing `S' now just to see what is salvageable.

! Undefined control sequence.
l.232 ...}}{\dot{F_x}}\right) &= 2 n_0 \alpha \der
                                                  {}{z}\left(A^2 \frac{1}{2W...
The control sequence at the end of the top line
of your error message was never \def'ed. If you have
misspelled it (e.g., `\hobx'), type `I' and the correct
spelling (e.g., `I\hbox'). Otherwise just continue,
and I'll forget about whatever was undefined.


! LaTeX Error: \begin{equation} on input line 229 ended by \end{split}.

See the LaTeX manual or LaTeX Companion for explanation.
Type  H <return>  for immediate help.
 ...                                              
                                                  
l.233 \end{split}
                 
Your command was ignored.
Type  I <command> <return>  to replace it with another command,
or  <return>  to continue without it.


Overfull \hbox (328.77328pt too wide) detected at line 234
[][] \OT1/cmr/m/n/10 = \OMS/cmsy/m/n/10 ^^@\OT1/cmr/m/n/10 4\OML/cmm/m/it/10 A[
][] \OT1/cmr/m/n/10 + 2\OML/cmm/m/it/10 n[]^^M[] [] [] []z [] \OT1/cmr/m/n/10 =
 2\OML/cmm/m/it/10 n[][]z []
 []


! LaTeX Error: Missing \begin{document}.

See the LaTeX manual or LaTeX Companion for explanation.
Type  H <return>  for immediate help.
 ...                                              
                                                  
l.236 \begin{equation}
                      
You're in trouble here.  Try typing  <return>  to proceed.
If that doesn't work, type  X <return>  to quit.


Overfull \hbox (20.0pt too wide) in paragraph at lines 236--236
[] 
 []


! LaTeX Error: Environment split undefined.

See the LaTeX manual or LaTeX Companion for explanation.
Type  H <return>  for immediate help.
 ...                                              
                                                  
l.237 \begin{split}
                   
Your command was ignored.
Type  I <command> <return>  to replace it with another command,
or  <return>  to continue without it.

! Undefined control sequence.
l.238     \der
              {F_{D}}{F_y}  &=  - 4 A^2 \frac{F_{y}}{W_{y}^2} + 2n_0 \gamma^...
The control sequence at the end of the top line
of your error message was never \def'ed. If you have
misspelled it (e.g., `\hobx'), type `I' and the correct
spelling (e.g., `I\hbox'). Otherwise just continue,
and I'll forget about whatever was undefined.

! Misplaced alignment tab character &.
l.238     \der{F_{D}}{F_y}  &
                             =  - 4 A^2 \frac{F_{y}}{W_{y}^2} + 2n_0 \gamma^...
I can't figure out why you would want to use a tab mark
here. If you just want an ampersand, the remedy is
simple: Just type `I\&' now. But if some right brace
up above has ended a previous alignment prematurely,
you're probably due for more error messages, and you
might try typing `S' now just to see what is salvageable.

! Undefined control sequence.
l.238 ...}}{W_{y}^2} + 2n_0 \gamma^2 \left<n(\vect
                                                  {r}_{\perp},z),\pder{|u|^2...
The control sequence at the end of the top line
of your error message was never \def'ed. If you have
misspelled it (e.g., `\hobx'), type `I' and the correct
spelling (e.g., `I\hbox'). Otherwise just continue,
and I'll forget about whatever was undefined.

! Undefined control sequence.
l.238 ...gamma^2 \left<n(\vect{r}_{\perp},z),\pder
                                                  {|u|^2}{F_y}\right> \\
The control sequence at the end of the top line
of your error message was never \def'ed. If you have
misspelled it (e.g., `\hobx'), type `I' and the correct
spelling (e.g., `I\hbox'). Otherwise just continue,
and I'll forget about whatever was undefined.

! Undefined control sequence.
<recently read> \der 
                     
l.239     \der
              {}{z}\left(\pder{F_{D}}{\dot{F_y}}\right) &= 2 n_0 \alpha  \de...
The control sequence at the end of the top line
of your error message was never \def'ed. If you have
misspelled it (e.g., `\hobx'), type `I' and the correct
spelling (e.g., `I\hbox'). Otherwise just continue,
and I'll forget about whatever was undefined.

! Undefined control sequence.
l.239     \der{}{z}\left(\pder
                              {F_{D}}{\dot{F_y}}\right) &= 2 n_0 \alpha  \de...
The control sequence at the end of the top line
of your error message was never \def'ed. If you have
misspelled it (e.g., `\hobx'), type `I' and the correct
spelling (e.g., `I\hbox'). Otherwise just continue,
and I'll forget about whatever was undefined.

! Misplaced alignment tab character &.
l.239 ...{z}\left(\pder{F_{D}}{\dot{F_y}}\right) &
                                                  = 2 n_0 \alpha  \der{}{z}\...
I can't figure out why you would want to use a tab mark
here. If you just want an ampersand, the remedy is
simple: Just type `I\&' now. But if some right brace
up above has ended a previous alignment prematurely,
you're probably due for more error messages, and you
might try typing `S' now just to see what is salvageable.

! Undefined control sequence.
l.239 ...}{\dot{F_y}}\right) &= 2 n_0 \alpha  \der
                                                  {}{z}\left(A^2 \frac{1}{2W...
The control sequence at the end of the top line
of your error message was never \def'ed. If you have
misspelled it (e.g., `\hobx'), type `I' and the correct
spelling (e.g., `I\hbox'). Otherwise just continue,
and I'll forget about whatever was undefined.


! LaTeX Error: \begin{equation} on input line 236 ended by \end{split}.

See the LaTeX manual or LaTeX Companion for explanation.
Type  H <return>  for immediate help.
 ...                                              
                                                  
l.240 \end{split}
                 
Your command was ignored.
Type  I <command> <return>  to replace it with another command,
or  <return>  to continue without it.


Overfull \hbox (328.08934pt too wide) detected at line 241
[][] \OT1/cmr/m/n/10 = \OMS/cmsy/m/n/10 ^^@\OT1/cmr/m/n/10 4\OML/cmm/m/it/10 A[
][] \OT1/cmr/m/n/10 + 2\OML/cmm/m/it/10 n[]^^M[] [] [] []z [] \OT1/cmr/m/n/10 =
 2\OML/cmm/m/it/10 n[][]z []
 []


! LaTeX Error: Missing \begin{document}.

See the LaTeX manual or LaTeX Companion for explanation.
Type  H <return>  for immediate help.
 ...                                              
                                                  
l.243 \begin{equation}
                      
You're in trouble here.  Try typing  <return>  to proceed.
If that doesn't work, type  X <return>  to quit.


Overfull \hbox (20.0pt too wide) in paragraph at lines 243--243
[] 
 []


! LaTeX Error: Environment split undefined.

See the LaTeX manual or LaTeX Companion for explanation.
Type  H <return>  for immediate help.
 ...                                              
                                                  
l.244 \begin{split}
                   
Your command was ignored.
Type  I <command> <return>  to replace it with another command,
or  <return>  to continue without it.

! Undefined control sequence.
l.245     \der
              {F_{D}}{P}  &= 2n_0 \gamma^2 \left< n(\vect{r}_{\perp},z),\pde...
The control sequence at the end of the top line
of your error message was never \def'ed. If you have
misspelled it (e.g., `\hobx'), type `I' and the correct
spelling (e.g., `I\hbox'). Otherwise just continue,
and I'll forget about whatever was undefined.

! Misplaced alignment tab character &.
l.245     \der{F_{D}}{P}  &
                           = 2n_0 \gamma^2 \left< n(\vect{r}_{\perp},z),\pde...
I can't figure out why you would want to use a tab mark
here. If you just want an ampersand, the remedy is
simple: Just type `I\&' now. But if some right brace
up above has ended a previous alignment prematurely,
you're probably due for more error messages, and you
might try typing `S' now just to see what is salvageable.

! Undefined control sequence.
l.245 ..._{D}}{P}  &= 2n_0 \gamma^2 \left< n(\vect
                                                  {r}_{\perp},z),\pder{|u|^2...
The control sequence at the end of the top line
of your error message was never \def'ed. If you have
misspelled it (e.g., `\hobx'), type `I' and the correct
spelling (e.g., `I\hbox'). Otherwise just continue,
and I'll forget about whatever was undefined.

! Undefined control sequence.
l.245 ...amma^2 \left< n(\vect{r}_{\perp},z),\pder
                                                  {|u|^2}{P}  \right> \\
The control sequence at the end of the top line
of your error message was never \def'ed. If you have
misspelled it (e.g., `\hobx'), type `I' and the correct
spelling (e.g., `I\hbox'). Otherwise just continue,
and I'll forget about whatever was undefined.

! Undefined control sequence.
<recently read> \der 
                     
l.246 \der
          {}{z}\left(\pder{F_{D}}{\dot{P}}\right) &= 2 n_0 \alpha \der{}{z}\...
The control sequence at the end of the top line
of your error message was never \def'ed. If you have
misspelled it (e.g., `\hobx'), type `I' and the correct
spelling (e.g., `I\hbox'). Otherwise just continue,
and I'll forget about whatever was undefined.

! Undefined control sequence.
l.246 \der{}{z}\left(\pder
                          {F_{D}}{\dot{P}}\right) &= 2 n_0 \alpha \der{}{z}\...
The control sequence at the end of the top line
of your error message was never \def'ed. If you have
misspelled it (e.g., `\hobx'), type `I' and the correct
spelling (e.g., `I\hbox'). Otherwise just continue,
and I'll forget about whatever was undefined.

! Misplaced alignment tab character &.
l.246 ...{}{z}\left(\pder{F_{D}}{\dot{P}}\right) &
                                                  = 2 n_0 \alpha \der{}{z}\l...
I can't figure out why you would want to use a tab mark
here. If you just want an ampersand, the remedy is
simple: Just type `I\&' now. But if some right brace
up above has ended a previous alignment prematurely,
you're probably due for more error messages, and you
might try typing `S' now just to see what is salvageable.

! Undefined control sequence.
l.246 ...{D}}{\dot{P}}\right) &= 2 n_0 \alpha \der
                                                  {}{z}\left(A^2 \right)
The control sequence at the end of the top line
of your error message was never \def'ed. If you have
misspelled it (e.g., `\hobx'), type `I' and the correct
spelling (e.g., `I\hbox'). Otherwise just continue,
and I'll forget about whatever was undefined.


! LaTeX Error: \begin{equation} on input line 243 ended by \end{split}.

See the LaTeX manual or LaTeX Companion for explanation.
Type  H <return>  for immediate help.
 ...                                              
                                                  
l.247 \end{split}
                 
Your command was ignored.
Type  I <command> <return>  to replace it with another command,
or  <return>  to continue without it.


Overfull \hbox (239.26825pt too wide) detected at line 248
[]\OML/cmm/m/it/10 P \OT1/cmr/m/n/10 = 2\OML/cmm/m/it/10 n[]^^M[] [] [] []z [] 
\OT1/cmr/m/n/10 = 2\OML/cmm/m/it/10 n[][]z []
 []


! LaTeX Error: The font size command \normalsize is not defined:
               there is probably something wrong with the class file.

See the LaTeX manual or LaTeX Companion for explanation.
Type  H <return>  for immediate help.
 ...                                              
                                                  
l.248 \end{equation}
                    
Your command was ignored.
Type  I <command> <return>  to replace it with another command,
or  <return>  to continue without it.

[1{/var/lib/texmf/fonts/map/pdftex/updmap/pdftex.map}]
! Undefined control sequence.
l.251 \subsubsection
                    {Equations in P}
The control sequence at the end of the top line
of your error message was never \def'ed. If you have
misspelled it (e.g., `\hobx'), type `I' and the correct
spelling (e.g., `I\hbox'). Otherwise just continue,
and I'll forget about whatever was undefined.


! LaTeX Error: Missing \begin{document}.

See the LaTeX manual or LaTeX Companion for explanation.
Type  H <return>  for immediate help.
 ...                                              
                                                  
l.251 \subsubsection{E
                      quations in P}
You're in trouble here.  Try typing  <return>  to proceed.
If that doesn't work, type  X <return>  to quit.

Missing character: There is no E in font nullfont!
Missing character: There is no q in font nullfont!
Missing character: There is no u in font nullfont!
Missing character: There is no a in font nullfont!
Missing character: There is no t in font nullfont!
Missing character: There is no i in font nullfont!
Missing character: There is no o in font nullfont!
Missing character: There is no n in font nullfont!
Missing character: There is no s in font nullfont!
Missing character: There is no i in font nullfont!
Missing character: There is no n in font nullfont!
Missing character: There is no P in font nullfont!
Missing character: There is no S in font nullfont!
Missing character: There is no i in font nullfont!
Missing character: There is no n in font nullfont!
Missing character: There is no c in font nullfont!
Missing character: There is no e in font nullfont!
Missing character: There is no i in font nullfont!
Missing character: There is no s in font nullfont!
Missing character: There is no o in font nullfont!
Missing character: There is no n in font nullfont!
Missing character: There is no l in font nullfont!
Missing character: There is no y in font nullfont!
Missing character: There is no d in font nullfont!
Missing character: There is no e in font nullfont!
Missing character: There is no p in font nullfont!
Missing character: There is no e in font nullfont!
Missing character: There is no n in font nullfont!
Missing character: There is no d in font nullfont!
Missing character: There is no e in font nullfont!
Missing character: There is no n in font nullfont!
Missing character: There is no t in font nullfont!
Missing character: There is no o in font nullfont!
Missing character: There is no n in font nullfont!
Missing character: There is no , in font nullfont!
Missing character: There is no n in font nullfont!
Missing character: There is no o in font nullfont!
Missing character: There is no t in font nullfont!
Missing character: There is no , in font nullfont!
Missing character: There is no t in font nullfont!
Missing character: There is no h in font nullfont!
Missing character: There is no e in font nullfont!
Missing character: There is no l in font nullfont!
Missing character: There is no a in font nullfont!
Missing character: There is no s in font nullfont!
Missing character: There is no t in font nullfont!
Missing character: There is no o in font nullfont!
Missing character: There is no f in font nullfont!
Missing character: There is no t in font nullfont!
Missing character: There is no h in font nullfont!
Missing character: There is no e in font nullfont!
Missing character: There is no s in font nullfont!
Missing character: There is no e in font nullfont!
Missing character: There is no e in font nullfont!
Missing character: There is no q in font nullfont!
Missing character: There is no u in font nullfont!
Missing character: There is no a in font nullfont!
Missing character: There is no t in font nullfont!
Missing character: There is no i in font nullfont!
Missing character: There is no o in font nullfont!
Missing character: There is no n in font nullfont!
Missing character: There is no s in font nullfont!
Missing character: There is no s in font nullfont!
Missing character: There is no a in font nullfont!
Missing character: There is no y in font nullfont!
Missing character: There is no s in font nullfont!

Overfull \hbox (20.0pt too wide) in paragraph at lines 251--253
[]
 []


Overfull \hbox (15.76628pt too wide) in paragraph at lines 251--253
\OMS/cmsy/m/n/10 j\OML/cmm/m/it/10 u\OMS/cmsy/m/n/10 j[]$
 []


Overfull \hbox (22.77777pt too wide) in paragraph at lines 251--253
\OML/cmm/m/it/10 A; W$
 []


Overfull \hbox (19.9236pt too wide) in paragraph at lines 251--253
\OML/cmm/m/it/10 R; P$
 []


! LaTeX Error: Environment split undefined.

See the LaTeX manual or LaTeX Companion for explanation.
Type  H <return>  for immediate help.
 ...                                              
                                                  
l.254 \begin{split}
                   
Your command was ignored.
Type  I <command> <return>  to replace it with another command,
or  <return>  to continue without it.

! Undefined control sequence.
l.255     \der
              {}{z}\left( 2 n_0 \alpha A^2 \right) = 0,
The control sequence at the end of the top line
of your error message was never \def'ed. If you have
misspelled it (e.g., `\hobx'), type `I' and the correct
spelling (e.g., `I\hbox'). Otherwise just continue,
and I'll forget about whatever was undefined.


! LaTeX Error: \begin{equation} on input line 253 ended by \end{split}.

See the LaTeX manual or LaTeX Companion for explanation.
Type  H <return>  for immediate help.
 ...                                              
                                                  
l.256 \end{split}
                 
Your command was ignored.
Type  I <command> <return>  to replace it with another command,
or  <return>  to continue without it.


Overfull \hbox (70.94334pt too wide) detected at line 257
[]\OML/cmm/m/it/10 z [] \OT1/cmr/m/n/10 = 0\OML/cmm/m/it/10 ;
 []

Missing character: There is no o in font nullfont!
Missing character: There is no r in font nullfont!
Missing character: There is no t in font nullfont!
Missing character: There is no h in font nullfont!
Missing character: There is no a in font nullfont!
Missing character: There is no t in font nullfont!

! LaTeX Error: Environment split undefined.

See the LaTeX manual or LaTeX Companion for explanation.
Type  H <return>  for immediate help.
 ...                                              
                                                  
l.260 \begin{split}
                   
Your command was ignored.
Type  I <command> <return>  to replace it with another command,
or  <return>  to continue without it.


! LaTeX Error: \begin{equation} on input line 259 ended by \end{split}.

See the LaTeX manual or LaTeX Companion for explanation.
Type  H <return>  for immediate help.
 ...                                              
                                                  
l.262 \end{split}
                 
Your command was ignored.
Type  I <command> <return>  to replace it with another command,
or  <return>  to continue without it.


Overfull \hbox (53.97917pt too wide) detected at line 263
\OML/cmm/m/it/10 A\OT1/cmr/m/n/10 (\OML/cmm/m/it/10 z\OT1/cmr/m/n/10 ) = \OML/c
mm/m/it/10 A\OT1/cmr/m/n/10 (0)
 []

! Undefined control sequence.
l.266 \subsubsection
                    {Equations in $F_x$, $F_y$}
The control sequence at the end of the top line
of your error message was never \def'ed. If you have
misspelled it (e.g., `\hobx'), type `I' and the correct
spelling (e.g., `I\hbox'). Otherwise just continue,
and I'll forget about whatever was undefined.


! LaTeX Error: Missing \begin{document}.

See the LaTeX manual or LaTeX Companion for explanation.
Type  H <return>  for immediate help.
 ...                                              
                                                  
l.266 \subsubsection{E
                      quations in $F_x$, $F_y$}
You're in trouble here.  Try typing  <return>  to proceed.
If that doesn't work, type  X <return>  to quit.

Missing character: There is no E in font nullfont!
Missing character: There is no q in font nullfont!
Missing character: There is no u in font nullfont!
Missing character: There is no a in font nullfont!
Missing character: There is no t in font nullfont!
Missing character: There is no i in font nullfont!
Missing character: There is no o in font nullfont!
Missing character: There is no n in font nullfont!
Missing character: There is no s in font nullfont!
Missing character: There is no i in font nullfont!
Missing character: There is no n in font nullfont!
Missing character: There is no , in font nullfont!

Overfull \hbox (20.0pt too wide) in paragraph at lines 266--267
[]
 []


Overfull \hbox (11.46529pt too wide) in paragraph at lines 266--267
\OML/cmm/m/it/10 F[]$
 []


Overfull \hbox (11.2373pt too wide) in paragraph at lines 266--267
\OML/cmm/m/it/10 F[]$ 
 []


! LaTeX Error: Missing \begin{document}.

See the LaTeX manual or LaTeX Companion for explanation.
Type  H <return>  for immediate help.
 ...                                              
                                                  
l.268 \begin{equation}
                      
You're in trouble here.  Try typing  <return>  to proceed.
If that doesn't work, type  X <return>  to quit.


Overfull \hbox (20.0pt too wide) in paragraph at lines 268--268
[] 
 []


! LaTeX Error: Environment split undefined.

See the LaTeX manual or LaTeX Companion for explanation.
Type  H <return>  for immediate help.
 ...                                              
                                                  
l.269 \begin{split}
                   
Your command was ignored.
Type  I <command> <return>  to replace it with another command,
or  <return>  to continue without it.

! Undefined control sequence.
l.270 ...}}{W_{x}^2} + 2n_0 \gamma^2 \left<n(\vect
                                                  {r}_{\perp},z),\pder{|u|^2...
The control sequence at the end of the top line
of your error message was never \def'ed. If you have
misspelled it (e.g., `\hobx'), type `I' and the correct
spelling (e.g., `I\hbox'). Otherwise just continue,
and I'll forget about whatever was undefined.

! Undefined control sequence.
l.270 ...gamma^2 \left<n(\vect{r}_{\perp},z),\pder
                                                  {|u|^2}{F_x}\right> &= 2 n...
The control sequence at the end of the top line
of your error message was never \def'ed. If you have
misspelled it (e.g., `\hobx'), type `I' and the correct
spelling (e.g., `I\hbox'). Otherwise just continue,
and I'll forget about whatever was undefined.

! Misplaced alignment tab character &.
l.270 ...{r}_{\perp},z),\pder{|u|^2}{F_x}\right> &
                                                  = 2 n_0 \alpha \der{}{z}\l...
I can't figure out why you would want to use a tab mark
here. If you just want an ampersand, the remedy is
simple: Just type `I\&' now. But if some right brace
up above has ended a previous alignment prematurely,
you're probably due for more error messages, and you
might try typing `S' now just to see what is salvageable.

! Undefined control sequence.
l.270 ...r{|u|^2}{F_x}\right> &= 2 n_0 \alpha \der
                                                  {}{z}\left(A^2 \frac{1}{2W...
The control sequence at the end of the top line
of your error message was never \def'ed. If you have
misspelled it (e.g., `\hobx'), type `I' and the correct
spelling (e.g., `I\hbox'). Otherwise just continue,
and I'll forget about whatever was undefined.

! Misplaced alignment tab character &.
l.271       A^2 \frac{\dot{W_{x}}}{W_{x}^3} &
                                             = \frac{4}{2 n_0 \alpha} A^2 \f...
I can't figure out why you would want to use a tab mark
here. If you just want an ampersand, the remedy is
simple: Just type `I\&' now. But if some right brace
up above has ended a previous alignment prematurely,
you're probably due for more error messages, and you
might try typing `S' now just to see what is salvageable.

! Undefined control sequence.
l.271 ..._0 \gamma^2}{2 n_0 \alpha}  \left<n(\vect
                                                  {r}_{\perp},z),\pder{|u|^2...
The control sequence at the end of the top line
of your error message was never \def'ed. If you have
misspelled it (e.g., `\hobx'), type `I' and the correct
spelling (e.g., `I\hbox'). Otherwise just continue,
and I'll forget about whatever was undefined.

! Undefined control sequence.
l.271 ...alpha}  \left<n(\vect{r}_{\perp},z),\pder
                                                  {|u|^2}{F_x}\right>\\
The control sequence at the end of the top line
of your error message was never \def'ed. If you have
misspelled it (e.g., `\hobx'), type `I' and the correct
spelling (e.g., `I\hbox'). Otherwise just continue,
and I'll forget about whatever was undefined.

! Misplaced alignment tab character &.
l.272      \dot{W_{x}} &
                        = \frac{2}{n_0 \alpha} F_{x}W_{x} - \frac{\gamma^2}{...
I can't figure out why you would want to use a tab mark
here. If you just want an ampersand, the remedy is
simple: Just type `I\&' now. But if some right brace
up above has ended a previous alignment prematurely,
you're probably due for more error messages, and you
might try typing `S' now just to see what is salvageable.

! Undefined control sequence.
l.272 ...\alpha} \frac{W_{x}^3}{A^2} \left<n(\vect
                                                  {r}_{\perp},z),\pder{|u|^2...
The control sequence at the end of the top line
of your error message was never \def'ed. If you have
misspelled it (e.g., `\hobx'), type `I' and the correct
spelling (e.g., `I\hbox'). Otherwise just continue,
and I'll forget about whatever was undefined.

! Undefined control sequence.
l.272 ...3}{A^2} \left<n(\vect{r}_{\perp},z),\pder
                                                  {|u|^2}{F_x}\right> \\
The control sequence at the end of the top line
of your error message was never \def'ed. If you have
misspelled it (e.g., `\hobx'), type `I' and the correct
spelling (e.g., `I\hbox'). Otherwise just continue,
and I'll forget about whatever was undefined.

! Misplaced alignment tab character &.
l.273      \dot{W_{x}} &
                        = \frac{2}{n_0 \alpha} F_{x}W_{x}
I can't figure out why you would want to use a tab mark
here. If you just want an ampersand, the remedy is
simple: Just type `I\&' now. But if some right brace
up above has ended a previous alignment prematurely,
you're probably due for more error messages, and you
might try typing `S' now just to see what is salvageable.


! LaTeX Error: \begin{equation} on input line 268 ended by \end{split}.

See the LaTeX manual or LaTeX Companion for explanation.
Type  H <return>  for immediate help.
 ...                                              
                                                  
l.274     \end{split}
                     
Your command was ignored.
Type  I <command> <return>  to replace it with another command,
or  <return>  to continue without it.


Overfull \hbox (792.7995pt too wide) detected at line 275
\OMS/cmsy/m/n/10 ^^@\OT1/cmr/m/n/10 4\OML/cmm/m/it/10 A[][] \OT1/cmr/m/n/10 + 2
\OML/cmm/m/it/10 n[]^^M[] [] \OT1/cmr/m/n/10 = 2\OML/cmm/m/it/10 n[][]z [] \OT
1/cmr/m/n/10 = \OMS/cmsy/m/n/10 ^^@\OT1/cmr/m/n/10 2\OML/cmm/m/it/10 n[]A[][][
] A[][] \OT1/cmr/m/n/10 = []\OML/cmm/m/it/10 A[][] \OMS/cmsy/m/n/10 ^^@ [] [] [
] [] \OT1/cmr/m/n/10 = []\OML/cmm/m/it/10 F[]W[] \OMS/cmsy/m/n/10 ^^@ [][] [] [
] [] \OT1/cmr/m/n/10 = []\OML/cmm/m/it/10 F[]W[]
 []


! LaTeX Error: Missing \begin{document}.

See the LaTeX manual or LaTeX Companion for explanation.
Type  H <return>  for immediate help.
 ...                                              
                                                  
l.277 \begin{equation}
                      
You're in trouble here.  Try typing  <return>  to proceed.
If that doesn't work, type  X <return>  to quit.


Overfull \hbox (20.0pt too wide) in paragraph at lines 277--277
[] 
 []


! LaTeX Error: Environment split undefined.

See the LaTeX manual or LaTeX Companion for explanation.
Type  H <return>  for immediate help.
 ...                                              
                                                  
l.278 \begin{split}
                   
Your command was ignored.
Type  I <command> <return>  to replace it with another command,
or  <return>  to continue without it.

! Undefined control sequence.
l.279 ...}}{W_{y}^2} + 2n_0 \gamma^2 \left<n(\vect
                                                  {r}_{\perp},z),\pder{|u|^2...
The control sequence at the end of the top line
of your error message was never \def'ed. If you have
misspelled it (e.g., `\hobx'), type `I' and the correct
spelling (e.g., `I\hbox'). Otherwise just continue,
and I'll forget about whatever was undefined.

! Undefined control sequence.
l.279 ...gamma^2 \left<n(\vect{r}_{\perp},z),\pder
                                                  {|u|^2}{F_y}\right>
The control sequence at the end of the top line
of your error message was never \def'ed. If you have
misspelled it (e.g., `\hobx'), type `I' and the correct
spelling (e.g., `I\hbox'). Otherwise just continue,
and I'll forget about whatever was undefined.

! Misplaced alignment tab character &.
l.280     &
           = 2 n_0 \alpha \der{}{z}\left(A^2 \frac{1}{2W_{y}^2} \right) = -2...
I can't figure out why you would want to use a tab mark
here. If you just want an ampersand, the remedy is
simple: Just type `I\&' now. But if some right brace
up above has ended a previous alignment prematurely,
you're probably due for more error messages, and you
might try typing `S' now just to see what is salvageable.

! Undefined control sequence.
l.280     &= 2 n_0 \alpha \der
                              {}{z}\left(A^2 \frac{1}{2W_{y}^2} \right) = -2...
The control sequence at the end of the top line
of your error message was never \def'ed. If you have
misspelled it (e.g., `\hobx'), type `I' and the correct
spelling (e.g., `I\hbox'). Otherwise just continue,
and I'll forget about whatever was undefined.

! Misplaced alignment tab character &.
l.281    \dot{W_{y}} &
                      = \frac{2}{n_0 \alpha} F_{y}W_{y} - \frac{\gamma^2}{\a...
I can't figure out why you would want to use a tab mark
here. If you just want an ampersand, the remedy is
simple: Just type `I\&' now. But if some right brace
up above has ended a previous alignment prematurely,
you're probably due for more error messages, and you
might try typing `S' now just to see what is salvageable.

! Undefined control sequence.
l.281 ...\alpha} \frac{W_{y}^3}{A^2} \left<n(\vect
                                                  {r}_{\perp},z),\pder{|u|^2...
The control sequence at the end of the top line
of your error message was never \def'ed. If you have
misspelled it (e.g., `\hobx'), type `I' and the correct
spelling (e.g., `I\hbox'). Otherwise just continue,
and I'll forget about whatever was undefined.

! Undefined control sequence.
l.281 ...3}{A^2} \left<n(\vect{r}_{\perp},z),\pder
                                                  {|u|^2}{F_y}\right> \\
The control sequence at the end of the top line
of your error message was never \def'ed. If you have
misspelled it (e.g., `\hobx'), type `I' and the correct
spelling (e.g., `I\hbox'). Otherwise just continue,
and I'll forget about whatever was undefined.

! Misplaced alignment tab character &.
l.282       \dot{W_{y}} &
                         = \frac{2}{n_0 \alpha} F_{y}W_{y}
I can't figure out why you would want to use a tab mark
here. If you just want an ampersand, the remedy is
simple: Just type `I\&' now. But if some right brace
up above has ended a previous alignment prematurely,
you're probably due for more error messages, and you
might try typing `S' now just to see what is salvageable.


! LaTeX Error: \begin{equation} on input line 277 ended by \end{split}.

See the LaTeX manual or LaTeX Companion for explanation.
Type  H <return>  for immediate help.
 ...                                              
                                                  
l.283 \end{split}
                 
Your command was ignored.
Type  I <command> <return>  to replace it with another command,
or  <return>  to continue without it.


Overfull \hbox (583.99327pt too wide) detected at line 284
\OMS/cmsy/m/n/10 ^^@\OT1/cmr/m/n/10 4\OML/cmm/m/it/10 A[][] \OT1/cmr/m/n/10 + 2
\OML/cmm/m/it/10 n[]^^M[] [] \OT1/cmr/m/n/10 = 2\OML/cmm/m/it/10 n[][]z [] \OT
1/cmr/m/n/10 = \OMS/cmsy/m/n/10 ^^@\OT1/cmr/m/n/10 2\OML/cmm/m/it/10 n[]A[][][
] [] \OT1/cmr/m/n/10 = []\OML/cmm/m/it/10 F[]W[] \OMS/cmsy/m/n/10 ^^@ [][] [] [
] [] \OT1/cmr/m/n/10 = []\OML/cmm/m/it/10 F[]W[]
 []

! Undefined control sequence.
l.287 \subsubsection
                    {Equations in $X$,$Y$}
The control sequence at the end of the top line
of your error message was never \def'ed. If you have
misspelled it (e.g., `\hobx'), type `I' and the correct
spelling (e.g., `I\hbox'). Otherwise just continue,
and I'll forget about whatever was undefined.


! LaTeX Error: Missing \begin{document}.

See the LaTeX manual or LaTeX Companion for explanation.
Type  H <return>  for immediate help.
 ...                                              
                                                  
l.287 \subsubsection{E
                      quations in $X$,$Y$}
You're in trouble here.  Try typing  <return>  to proceed.
If that doesn't work, type  X <return>  to quit.

Missing character: There is no E in font nullfont!
Missing character: There is no q in font nullfont!
Missing character: There is no u in font nullfont!
Missing character: There is no a in font nullfont!
Missing character: There is no t in font nullfont!
Missing character: There is no i in font nullfont!
Missing character: There is no o in font nullfont!
Missing character: There is no n in font nullfont!
Missing character: There is no s in font nullfont!
Missing character: There is no i in font nullfont!
Missing character: There is no n in font nullfont!
Missing character: There is no , in font nullfont!

Overfull \hbox (20.0pt too wide) in paragraph at lines 287--288
[]
 []


Overfull \hbox (17.09721pt too wide) in paragraph at lines 287--288
\OML/cmm/m/it/10 X$$Y$ 
 []


! LaTeX Error: Missing \begin{document}.

See the LaTeX manual or LaTeX Companion for explanation.
Type  H <return>  for immediate help.
 ...                                              
                                                  
l.289 \begin{equation}
                      
You're in trouble here.  Try typing  <return>  to proceed.
If that doesn't work, type  X <return>  to quit.


Overfull \hbox (20.0pt too wide) in paragraph at lines 289--289
[] 
 []


! LaTeX Error: Environment split undefined.

See the LaTeX manual or LaTeX Companion for explanation.
Type  H <return>  for immediate help.
 ...                                              
                                                  
l.290 \begin{split}
                   
Your command was ignored.
Type  I <command> <return>  to replace it with another command,
or  <return>  to continue without it.

! Undefined control sequence.
l.291     2n_0 \gamma^2 \left<n(\vect
                                     {r}_{\perp},z), \pder{|u|^2}{X}\right> ...
The control sequence at the end of the top line
of your error message was never \def'ed. If you have
misspelled it (e.g., `\hobx'), type `I' and the correct
spelling (e.g., `I\hbox'). Otherwise just continue,
and I'll forget about whatever was undefined.

! Undefined control sequence.
l.291 ...amma^2 \left<n(\vect{r}_{\perp},z), \pder
                                                  {|u|^2}{X}\right> &= \der{...
The control sequence at the end of the top line
of your error message was never \def'ed. If you have
misspelled it (e.g., `\hobx'), type `I' and the correct
spelling (e.g., `I\hbox'). Otherwise just continue,
and I'll forget about whatever was undefined.

! Misplaced alignment tab character &.
l.291 ...t{r}_{\perp},z), \pder{|u|^2}{X}\right> &
                                                  = \der{}{z}\left(-A^2 T_x ...
I can't figure out why you would want to use a tab mark
here. If you just want an ampersand, the remedy is
simple: Just type `I\&' now. But if some right brace
up above has ended a previous alignment prematurely,
you're probably due for more error messages, and you
might try typing `S' now just to see what is salvageable.

! Undefined control sequence.
l.291 ...\perp},z), \pder{|u|^2}{X}\right> &= \der
                                                  {}{z}\left(-A^2 T_x \right...
The control sequence at the end of the top line
of your error message was never \def'ed. If you have
misspelled it (e.g., `\hobx'), type `I' and the correct
spelling (e.g., `I\hbox'). Otherwise just continue,
and I'll forget about whatever was undefined.

! Misplaced alignment tab character &.
l.292         \dot{T_x} &
                         = - 2n_0 \gamma^2 \frac{1}{A^2} \left<n(\vect{r}_{\...
I can't figure out why you would want to use a tab mark
here. If you just want an ampersand, the remedy is
simple: Just type `I\&' now. But if some right brace
up above has ended a previous alignment prematurely,
you're probably due for more error messages, and you
might try typing `S' now just to see what is salvageable.

! Undefined control sequence.
l.292 ...2n_0 \gamma^2 \frac{1}{A^2} \left<n(\vect
                                                  {r}_{\perp},z), \pder{|u|^...
The control sequence at the end of the top line
of your error message was never \def'ed. If you have
misspelled it (e.g., `\hobx'), type `I' and the correct
spelling (e.g., `I\hbox'). Otherwise just continue,
and I'll forget about whatever was undefined.

! Undefined control sequence.
l.292 ...}{A^2} \left<n(\vect{r}_{\perp},z), \pder
                                                  {|u|^2}{X}\right>
The control sequence at the end of the top line
of your error message was never \def'ed. If you have
misspelled it (e.g., `\hobx'), type `I' and the correct
spelling (e.g., `I\hbox'). Otherwise just continue,
and I'll forget about whatever was undefined.


! LaTeX Error: \begin{equation} on input line 289 ended by \end{split}.

See the LaTeX manual or LaTeX Companion for explanation.
Type  H <return>  for immediate help.
 ...                                              
                                                  
l.293 \end{split}
                 
Your command was ignored.
Type  I <command> <return>  to replace it with another command,
or  <return>  to continue without it.


Overfull \hbox (351.60086pt too wide) detected at line 294
\OT1/cmr/m/n/10 2\OML/cmm/m/it/10 n[]^^M[] [] \OT1/cmr/m/n/10 = []\OML/cmm/m/it
/10 z [] \OT1/cmr/m/n/10 = \OMS/cmsy/m/n/10 ^^@\OML/cmm/m/it/10 A[][][] [] \OT1
/cmr/m/n/10 = \OMS/cmsy/m/n/10 ^^@\OT1/cmr/m/n/10 2\OML/cmm/m/it/10 n[]^^M[][] 
[]
 []


! LaTeX Error: Missing \begin{document}.

See the LaTeX manual or LaTeX Companion for explanation.
Type  H <return>  for immediate help.
 ...                                              
                                                  
l.296 \begin{equation}
                      
You're in trouble here.  Try typing  <return>  to proceed.
If that doesn't work, type  X <return>  to quit.


Overfull \hbox (20.0pt too wide) in paragraph at lines 296--296
[] 
 []


! LaTeX Error: Environment split undefined.

See the LaTeX manual or LaTeX Companion for explanation.
Type  H <return>  for immediate help.
 ...                                              
                                                  
l.297 \begin{split}
                   
Your command was ignored.
Type  I <command> <return>  to replace it with another command,
or  <return>  to continue without it.

! Undefined control sequence.
l.298    2n_0 \gamma^2 \left<n(\vect
                                    {r}_{\perp},z), \pder{|u|^2}{Y}\right> &...
The control sequence at the end of the top line
of your error message was never \def'ed. If you have
misspelled it (e.g., `\hobx'), type `I' and the correct
spelling (e.g., `I\hbox'). Otherwise just continue,
and I'll forget about whatever was undefined.

! Undefined control sequence.
l.298 ...amma^2 \left<n(\vect{r}_{\perp},z), \pder
                                                  {|u|^2}{Y}\right> &= \der{...
The control sequence at the end of the top line
of your error message was never \def'ed. If you have
misspelled it (e.g., `\hobx'), type `I' and the correct
spelling (e.g., `I\hbox'). Otherwise just continue,
and I'll forget about whatever was undefined.

! Misplaced alignment tab character &.
l.298 ...t{r}_{\perp},z), \pder{|u|^2}{Y}\right> &
                                                  = \der{}{z}\left(-A^2 T_y ...
I can't figure out why you would want to use a tab mark
here. If you just want an ampersand, the remedy is
simple: Just type `I\&' now. But if some right brace
up above has ended a previous alignment prematurely,
you're probably due for more error messages, and you
might try typing `S' now just to see what is salvageable.

! Undefined control sequence.
l.298 ...\perp},z), \pder{|u|^2}{Y}\right> &= \der
                                                  {}{z}\left(-A^2 T_y \right...
The control sequence at the end of the top line
of your error message was never \def'ed. If you have
misspelled it (e.g., `\hobx'), type `I' and the correct
spelling (e.g., `I\hbox'). Otherwise just continue,
and I'll forget about whatever was undefined.

! Misplaced alignment tab character &.
l.299         \dot{T_y} &
                         = - 2n_0 \gamma^2 \frac{1}{A^2} \left<n(\vect{r}_{\...
I can't figure out why you would want to use a tab mark
here. If you just want an ampersand, the remedy is
simple: Just type `I\&' now. But if some right brace
up above has ended a previous alignment prematurely,
you're probably due for more error messages, and you
might try typing `S' now just to see what is salvageable.

! Undefined control sequence.
l.299 ...2n_0 \gamma^2 \frac{1}{A^2} \left<n(\vect
                                                  {r}_{\perp},z), \pder{|u|^...
The control sequence at the end of the top line
of your error message was never \def'ed. If you have
misspelled it (e.g., `\hobx'), type `I' and the correct
spelling (e.g., `I\hbox'). Otherwise just continue,
and I'll forget about whatever was undefined.

! Undefined control sequence.
l.299 ...}{A^2} \left<n(\vect{r}_{\perp},z), \pder
                                                  {|u|^2}{Y}\right>
The control sequence at the end of the top line
of your error message was never \def'ed. If you have
misspelled it (e.g., `\hobx'), type `I' and the correct
spelling (e.g., `I\hbox'). Otherwise just continue,
and I'll forget about whatever was undefined.


! LaTeX Error: \begin{equation} on input line 296 ended by \end{split}.

See the LaTeX manual or LaTeX Companion for explanation.
Type  H <return>  for immediate help.
 ...                                              
                                                  
l.300 \end{split}
                 
Your command was ignored.
Type  I <command> <return>  to replace it with another command,
or  <return>  to continue without it.


Overfull \hbox (306.7526pt too wide) detected at line 301
\OT1/cmr/m/n/10 2\OML/cmm/m/it/10 n[]^^M[] [] \OT1/cmr/m/n/10 = []\OML/cmm/m/it
/10 z [] [] [] \OT1/cmr/m/n/10 = \OMS/cmsy/m/n/10 ^^@\OT1/cmr/m/n/10 2\OML/cmm/
m/it/10 n[]^^M[][] []
 []

! Undefined control sequence.
l.303 \subsubsection
                    {Equations in $T_x$,$T_y$}
The control sequence at the end of the top line
of your error message was never \def'ed. If you have
misspelled it (e.g., `\hobx'), type `I' and the correct
spelling (e.g., `I\hbox'). Otherwise just continue,
and I'll forget about whatever was undefined.


! LaTeX Error: Missing \begin{document}.

See the LaTeX manual or LaTeX Companion for explanation.
Type  H <return>  for immediate help.
 ...                                              
                                                  
l.303 \subsubsection{E
                      quations in $T_x$,$T_y$}
You're in trouble here.  Try typing  <return>  to proceed.
If that doesn't work, type  X <return>  to quit.

Missing character: There is no E in font nullfont!
Missing character: There is no q in font nullfont!
Missing character: There is no u in font nullfont!
Missing character: There is no a in font nullfont!
Missing character: There is no t in font nullfont!
Missing character: There is no i in font nullfont!
Missing character: There is no o in font nullfont!
Missing character: There is no n in font nullfont!
Missing character: There is no s in font nullfont!
Missing character: There is no i in font nullfont!
Missing character: There is no n in font nullfont!
Missing character: There is no , in font nullfont!

Overfull \hbox (20.0pt too wide) in paragraph at lines 303--304
[]
 []


Overfull \hbox (21.52898pt too wide) in paragraph at lines 303--304
\OML/cmm/m/it/10 T[]$$T[]$ 
 []


! LaTeX Error: Missing \begin{document}.

See the LaTeX manual or LaTeX Companion for explanation.
Type  H <return>  for immediate help.
 ...                                              
                                                  
l.305 \begin{equation}
                      
You're in trouble here.  Try typing  <return>  to proceed.
If that doesn't work, type  X <return>  to quit.


Overfull \hbox (20.0pt too wide) in paragraph at lines 305--305
[] 
 []


! LaTeX Error: Environment split undefined.

See the LaTeX manual or LaTeX Companion for explanation.
Type  H <return>  for immediate help.
 ...                                              
                                                  
l.306 \begin{split}
                   
Your command was ignored.
Type  I <command> <return>  to replace it with another command,
or  <return>  to continue without it.

! Undefined control sequence.
l.307 ...- 2A^2 T_x  + 2n_0 \gamma^2 \left<n(\vect
                                                  {r}_{\perp},z), \pder{|u|^...
The control sequence at the end of the top line
of your error message was never \def'ed. If you have
misspelled it (e.g., `\hobx'), type `I' and the correct
spelling (e.g., `I\hbox'). Otherwise just continue,
and I'll forget about whatever was undefined.

! Undefined control sequence.
l.307 ...amma^2 \left<n(\vect{r}_{\perp},z), \pder
                                                  {|u|^2}{T_{x}}\right> &= 0\\
The control sequence at the end of the top line
of your error message was never \def'ed. If you have
misspelled it (e.g., `\hobx'), type `I' and the correct
spelling (e.g., `I\hbox'). Otherwise just continue,
and I'll forget about whatever was undefined.

! Misplaced alignment tab character &.
l.307 ..._{\perp},z), \pder{|u|^2}{T_{x}}\right> &
                                                  = 0\\
I can't figure out why you would want to use a tab mark
here. If you just want an ampersand, the remedy is
simple: Just type `I\&' now. But if some right brace
up above has ended a previous alignment prematurely,
you're probably due for more error messages, and you
might try typing `S' now just to see what is salvageable.

! Misplaced alignment tab character &.
l.308    \dot{X} &
                  = - 2T_x  + 2n_0 \gamma^2 \frac{1}{A^2} \left<n(\vect{r}_{...
I can't figure out why you would want to use a tab mark
here. If you just want an ampersand, the remedy is
simple: Just type `I\&' now. But if some right brace
up above has ended a previous alignment prematurely,
you're probably due for more error messages, and you
might try typing `S' now just to see what is salvageable.

! Undefined control sequence.
l.308 ...2n_0 \gamma^2 \frac{1}{A^2} \left<n(\vect
                                                  {r}_{\perp},z), \pder{|u|^...
The control sequence at the end of the top line
of your error message was never \def'ed. If you have
misspelled it (e.g., `\hobx'), type `I' and the correct
spelling (e.g., `I\hbox'). Otherwise just continue,
and I'll forget about whatever was undefined.

! Undefined control sequence.
l.308 ...}{A^2} \left<n(\vect{r}_{\perp},z), \pder
                                                  {|u|^2}{T_{x}}\right>\\
The control sequence at the end of the top line
of your error message was never \def'ed. If you have
misspelled it (e.g., `\hobx'), type `I' and the correct
spelling (e.g., `I\hbox'). Otherwise just continue,
and I'll forget about whatever was undefined.

! Misplaced alignment tab character &.
l.309    \dot{X} &
                  = - 2T_x
I can't figure out why you would want to use a tab mark
here. If you just want an ampersand, the remedy is
simple: Just type `I\&' now. But if some right brace
up above has ended a previous alignment prematurely,
you're probably due for more error messages, and you
might try typing `S' now just to see what is salvageable.


! LaTeX Error: \begin{equation} on input line 305 ended by \end{split}.

See the LaTeX manual or LaTeX Companion for explanation.
Type  H <return>  for immediate help.
 ...                                              
                                                  
l.310 \end{split}
                 
Your command was ignored.
Type  I <command> <return>  to replace it with another command,
or  <return>  to continue without it.


Overfull \hbox (411.5037pt too wide) detected at line 311
\OMS/cmsy/m/n/10 ^^@\OML/cmm/m/it/10 A[][] \OMS/cmsy/m/n/10 ^^@ \OT1/cmr/m/n/10
 2\OML/cmm/m/it/10 A[]T[] \OT1/cmr/m/n/10 + 2\OML/cmm/m/it/10 n[]^^M[] [] \OT1/
cmr/m/n/10 = 0[] [] = \OMS/cmsy/m/n/10 ^^@\OT1/cmr/m/n/10 2\OML/cmm/m/it/10 T[]
 \OT1/cmr/m/n/10 + 2\OML/cmm/m/it/10 n[]^^M[][] [] [] [] \OT1/cmr/m/n/10 = \OMS
/cmsy/m/n/10 ^^@\OT1/cmr/m/n/10 2\OML/cmm/m/it/10 T[]
 []


! LaTeX Error: Missing \begin{document}.

See the LaTeX manual or LaTeX Companion for explanation.
Type  H <return>  for immediate help.
 ...                                              
                                                  
l.313 \begin{equation}
                      
You're in trouble here.  Try typing  <return>  to proceed.
If that doesn't work, type  X <return>  to quit.


Overfull \hbox (20.0pt too wide) in paragraph at lines 313--313
[] 
 []


! LaTeX Error: Environment split undefined.

See the LaTeX manual or LaTeX Companion for explanation.
Type  H <return>  for immediate help.
 ...                                              
                                                  
l.314 \begin{split}
                   
Your command was ignored.
Type  I <command> <return>  to replace it with another command,
or  <return>  to continue without it.

! Undefined control sequence.
l.315 ...- 2A^2 T_y  + 2n_0 \gamma^2 \left<n(\vect
                                                  {r}_{\perp},z), \pder{|u|^...
The control sequence at the end of the top line
of your error message was never \def'ed. If you have
misspelled it (e.g., `\hobx'), type `I' and the correct
spelling (e.g., `I\hbox'). Otherwise just continue,
and I'll forget about whatever was undefined.

! Undefined control sequence.
l.315 ...amma^2 \left<n(\vect{r}_{\perp},z), \pder
                                                  {|u|^2}{T_{y}}\right> &=0\\
The control sequence at the end of the top line
of your error message was never \def'ed. If you have
misspelled it (e.g., `\hobx'), type `I' and the correct
spelling (e.g., `I\hbox'). Otherwise just continue,
and I'll forget about whatever was undefined.

! Misplaced alignment tab character &.
l.315 ..._{\perp},z), \pder{|u|^2}{T_{y}}\right> &
                                                  =0\\
I can't figure out why you would want to use a tab mark
here. If you just want an ampersand, the remedy is
simple: Just type `I\&' now. But if some right brace
up above has ended a previous alignment prematurely,
you're probably due for more error messages, and you
might try typing `S' now just to see what is salvageable.

! Misplaced alignment tab character &.
l.316       \dot{Y} &
                     = - 2T_y  + 2n_0 \gamma^2 \frac{1}{A^2} \left<n(\vect{r...
I can't figure out why you would want to use a tab mark
here. If you just want an ampersand, the remedy is
simple: Just type `I\&' now. But if some right brace
up above has ended a previous alignment prematurely,
you're probably due for more error messages, and you
might try typing `S' now just to see what is salvageable.

! Undefined control sequence.
l.316 ...2n_0 \gamma^2 \frac{1}{A^2} \left<n(\vect
                                                  {r}_{\perp},z), \pder{|u|^...
The control sequence at the end of the top line
of your error message was never \def'ed. If you have
misspelled it (e.g., `\hobx'), type `I' and the correct
spelling (e.g., `I\hbox'). Otherwise just continue,
and I'll forget about whatever was undefined.

! Undefined control sequence.
l.316 ...}{A^2} \left<n(\vect{r}_{\perp},z), \pder
                                                  {|u|^2}{T_{y}}\right>\\
The control sequence at the end of the top line
of your error message was never \def'ed. If you have
misspelled it (e.g., `\hobx'), type `I' and the correct
spelling (e.g., `I\hbox'). Otherwise just continue,
and I'll forget about whatever was undefined.

! Misplaced alignment tab character &.
l.317       \dot{Y} &
                     = - 2T_y
I can't figure out why you would want to use a tab mark
here. If you just want an ampersand, the remedy is
simple: Just type `I\&' now. But if some right brace
up above has ended a previous alignment prematurely,
you're probably due for more error messages, and you
might try typing `S' now just to see what is salvageable.


! LaTeX Error: \begin{equation} on input line 313 ended by \end{split}.

See the LaTeX manual or LaTeX Companion for explanation.
Type  H <return>  for immediate help.
 ...                                              
                                                  
l.318 \end{split}
                 
Your command was ignored.
Type  I <command> <return>  to replace it with another command,
or  <return>  to continue without it.


Overfull \hbox (407.23886pt too wide) detected at line 319
\OMS/cmsy/m/n/10 ^^@\OML/cmm/m/it/10 A[][] \OMS/cmsy/m/n/10 ^^@ \OT1/cmr/m/n/10
 2\OML/cmm/m/it/10 A[]T[] \OT1/cmr/m/n/10 + 2\OML/cmm/m/it/10 n[]^^M[] [] \OT1/
cmr/m/n/10 = 0[] [] = \OMS/cmsy/m/n/10 ^^@\OT1/cmr/m/n/10 2\OML/cmm/m/it/10 T[]
 \OT1/cmr/m/n/10 + 2\OML/cmm/m/it/10 n[]^^M[][] [] [] [] \OT1/cmr/m/n/10 = \OMS
/cmsy/m/n/10 ^^@\OT1/cmr/m/n/10 2\OML/cmm/m/it/10 T[]
 []

! Undefined control sequence.
l.321 \subsubsection
                    {Equations in $W_x$,$W_y$}
The control sequence at the end of the top line
of your error message was never \def'ed. If you have
misspelled it (e.g., `\hobx'), type `I' and the correct
spelling (e.g., `I\hbox'). Otherwise just continue,
and I'll forget about whatever was undefined.


! LaTeX Error: Missing \begin{document}.

See the LaTeX manual or LaTeX Companion for explanation.
Type  H <return>  for immediate help.
 ...                                              
                                                  
l.321 \subsubsection{E
                      quations in $W_x$,$W_y$}
You're in trouble here.  Try typing  <return>  to proceed.
If that doesn't work, type  X <return>  to quit.

Missing character: There is no E in font nullfont!
Missing character: There is no q in font nullfont!
Missing character: There is no u in font nullfont!
Missing character: There is no a in font nullfont!
Missing character: There is no t in font nullfont!
Missing character: There is no i in font nullfont!
Missing character: There is no o in font nullfont!
Missing character: There is no n in font nullfont!
Missing character: There is no s in font nullfont!
Missing character: There is no i in font nullfont!
Missing character: There is no n in font nullfont!
Missing character: There is no , in font nullfont!

Overfull \hbox (20.0pt too wide) in paragraph at lines 321--322
[]
 []


Overfull \hbox (28.73036pt too wide) in paragraph at lines 321--322
\OML/cmm/m/it/10 W[]$$W[]$ 
 []


! LaTeX Error: Missing \begin{document}.

See the LaTeX manual or LaTeX Companion for explanation.
Type  H <return>  for immediate help.
 ...                                              
                                                  
l.323 \begin{equation}
                      
You're in trouble here.  Try typing  <return>  to proceed.
If that doesn't work, type  X <return>  to quit.


Overfull \hbox (20.0pt too wide) in paragraph at lines 323--323
[] 
 []


! LaTeX Error: Environment split undefined.

See the LaTeX manual or LaTeX Companion for explanation.
Type  H <return>  for immediate help.
 ...                                              
                                                  
l.324 \begin{split}
                   
Your command was ignored.
Type  I <command> <return>  to replace it with another command,
or  <return>  to continue without it.

! Misplaced alignment tab character &.
l.325 ... -\frac{\dot{F}_{x} }{W_{x}^3} \right)  &
                                                  - A^2 W_x + 4 A^2 \frac{F_...
I can't figure out why you would want to use a tab mark
here. If you just want an ampersand, the remedy is
simple: Just type `I\&' now. But if some right brace
up above has ended a previous alignment prematurely,
you're probably due for more error messages, and you
might try typing `S' now just to see what is salvageable.

! Undefined control sequence.
l.325 ...}{W_{x}^3}  + 2n_0 \gamma^2 \left<n(\vect
                                                  {r}_{\perp},z), \pder{|u|^...
The control sequence at the end of the top line
of your error message was never \def'ed. If you have
misspelled it (e.g., `\hobx'), type `I' and the correct
spelling (e.g., `I\hbox'). Otherwise just continue,
and I'll forget about whatever was undefined.

! Undefined control sequence.
l.325 ...amma^2 \left<n(\vect{r}_{\perp},z), \pder
                                                  {|u|^2}{W_{x}}\right> = 0 \\
The control sequence at the end of the top line
of your error message was never \def'ed. If you have
misspelled it (e.g., `\hobx'), type `I' and the correct
spelling (e.g., `I\hbox'). Otherwise just continue,
and I'll forget about whatever was undefined.

! Misplaced alignment tab character &.
l.326 ...pha\, A^2 \frac{\dot{F}_{x} }{W_{x}^3}  &
                                                  =   - A^2 W_x + 4 A^2 \fra...
I can't figure out why you would want to use a tab mark
here. If you just want an ampersand, the remedy is
simple: Just type `I\&' now. But if some right brace
up above has ended a previous alignment prematurely,
you're probably due for more error messages, and you
might try typing `S' now just to see what is salvageable.

! Undefined control sequence.
l.326 ...}{W_{x}^3}  + 2n_0 \gamma^2 \left<n(\vect
                                                  {r}_{\perp},z), \pder{|u|^...
The control sequence at the end of the top line
of your error message was never \def'ed. If you have
misspelled it (e.g., `\hobx'), type `I' and the correct
spelling (e.g., `I\hbox'). Otherwise just continue,
and I'll forget about whatever was undefined.

! Undefined control sequence.
l.326 ...amma^2 \left<n(\vect{r}_{\perp},z), \pder
                                                  {|u|^2}{W_{x}}\right>  \\
The control sequence at the end of the top line
of your error message was never \def'ed. If you have
misspelled it (e.g., `\hobx'), type `I' and the correct
spelling (e.g., `I\hbox'). Otherwise just continue,
and I'll forget about whatever was undefined.

! Misplaced alignment tab character &.
l.327      \frac{\dot{F}_{x} }{W_{x}^3}  &
                                          =   - \frac{A^2 W_x}{2 n_0 \alpha\...
I can't figure out why you would want to use a tab mark
here. If you just want an ampersand, the remedy is
simple: Just type `I\&' now. But if some right brace
up above has ended a previous alignment prematurely,
you're probably due for more error messages, and you
might try typing `S' now just to see what is salvageable.

! Undefined control sequence.
l.327 ...mma^2}{2 n_0 \alpha\, A^2}  \left<n(\vect
                                                  {r}_{\perp},z), \pder{|u|^...
The control sequence at the end of the top line
of your error message was never \def'ed. If you have
misspelled it (e.g., `\hobx'), type `I' and the correct
spelling (e.g., `I\hbox'). Otherwise just continue,
and I'll forget about whatever was undefined.

! Undefined control sequence.
l.327 ... A^2}  \left<n(\vect{r}_{\perp},z), \pder
                                                  {|u|^2}{W_{x}}\right> \\
The control sequence at the end of the top line
of your error message was never \def'ed. If you have
misspelled it (e.g., `\hobx'), type `I' and the correct
spelling (e.g., `I\hbox'). Otherwise just continue,
and I'll forget about whatever was undefined.

! Misplaced alignment tab character &.
l.328      \dot{F}_{x}  &
                         =   - \frac{W_{x}^4}{2 n_0 \alpha} + \frac{2 W_{x}^...
I can't figure out why you would want to use a tab mark
here. If you just want an ampersand, the remedy is
simple: Just type `I\&' now. But if some right brace
up above has ended a previous alignment prematurely,
you're probably due for more error messages, and you
might try typing `S' now just to see what is salvageable.

! Undefined control sequence.
l.328 ...^2 W_{x}^3}{ \alpha\, A^2}  \left<n(\vect
                                                  {r}_{\perp},z), \pder{|u|^...
The control sequence at the end of the top line
of your error message was never \def'ed. If you have
misspelled it (e.g., `\hobx'), type `I' and the correct
spelling (e.g., `I\hbox'). Otherwise just continue,
and I'll forget about whatever was undefined.

! Undefined control sequence.
l.328 ... A^2}  \left<n(\vect{r}_{\perp},z), \pder
                                                  {|u|^2}{W_{x}}\right> \\
The control sequence at the end of the top line
of your error message was never \def'ed. If you have
misspelled it (e.g., `\hobx'), type `I' and the correct
spelling (e.g., `I\hbox'). Otherwise just continue,
and I'll forget about whatever was undefined.

! Misplaced alignment tab character &.
l.329      \dot{F}_{x}  &
                         =   - \frac{1}{2 n_0 \alpha} W_{x}^4+ \frac{2}{n_0 ...
I can't figure out why you would want to use a tab mark
here. If you just want an ampersand, the remedy is
simple: Just type `I\&' now. But if some right brace
up above has ended a previous alignment prematurely,
you're probably due for more error messages, and you
might try typing `S' now just to see what is salvageable.

! Undefined control sequence.
l.329 ...^2 W_{x}^3}{ \alpha\, A^2}  \left<n(\vect
                                                  {r}_{\perp},z), \pder{|u|^...
The control sequence at the end of the top line
of your error message was never \def'ed. If you have
misspelled it (e.g., `\hobx'), type `I' and the correct
spelling (e.g., `I\hbox'). Otherwise just continue,
and I'll forget about whatever was undefined.

! Undefined control sequence.
l.329 ... A^2}  \left<n(\vect{r}_{\perp},z), \pder
                                                  {|u|^2}{W_{x}}\right> \\
The control sequence at the end of the top line
of your error message was never \def'ed. If you have
misspelled it (e.g., `\hobx'), type `I' and the correct
spelling (e.g., `I\hbox'). Otherwise just continue,
and I'll forget about whatever was undefined.


! LaTeX Error: \begin{equation} on input line 323 ended by \end{split}.

See the LaTeX manual or LaTeX Companion for explanation.
Type  H <return>  for immediate help.
 ...                                              
                                                  
l.330 \end{split}
                 
Your command was ignored.
Type  I <command> <return>  to replace it with another command,
or  <return>  to continue without it.


Overfull \hbox (1266.71474pt too wide) detected at line 331
\OT1/cmr/m/n/10 2\OML/cmm/m/it/10 n[] A[] [] \OMS/cmsy/m/n/10 ^^@ \OML/cmm/m/i
t/10 A[]W[] \OT1/cmr/m/n/10 + 4\OML/cmm/m/it/10 A[][] \OT1/cmr/m/n/10 + 2\OML/c
mm/m/it/10 n[]^^M[] [] \OT1/cmr/m/n/10 = 0[] 2\OML/cmm/m/it/10 n[] A[][] \OT1/
cmr/m/n/10 = \OMS/cmsy/m/n/10 ^^@\OML/cmm/m/it/10 A[]W[] \OT1/cmr/m/n/10 + 4\OM
L/cmm/m/it/10 A[][] \OT1/cmr/m/n/10 + 2\OML/cmm/m/it/10 n[]^^M[] [] [] [] \OT1/
cmr/m/n/10 = \OMS/cmsy/m/n/10 ^^@[] \OT1/cmr/m/n/10 + [][] + [] [] [] [] = \OMS
/cmsy/m/n/10 ^^@[] \OT1/cmr/m/n/10 + [][] + [] [] [] [] = \OMS/cmsy/m/n/10 ^^@[
]\OML/cmm/m/it/10 W[] \OT1/cmr/m/n/10 + []\OML/cmm/m/it/10 F[] \OT1/cmr/m/n/10 
+ [] [] [] 
 []


! LaTeX Error: Missing \begin{document}.

See the LaTeX manual or LaTeX Companion for explanation.
Type  H <return>  for immediate help.
 ...                                              
                                                  
l.333 \begin{equation}
                      
You're in trouble here.  Try typing  <return>  to proceed.
If that doesn't work, type  X <return>  to quit.


Overfull \hbox (20.0pt too wide) in paragraph at lines 333--333
[] 
 []


! LaTeX Error: Environment split undefined.

See the LaTeX manual or LaTeX Companion for explanation.
Type  H <return>  for immediate help.
 ...                                              
                                                  
l.334 \begin{split}
                   
Your command was ignored.
Type  I <command> <return>  to replace it with another command,
or  <return>  to continue without it.

! Misplaced alignment tab character &.
l.335 ...  -\frac{\dot{F}_{y} }{W_{y}^3} \right) &
                                                   - A^2 W_y + 4 A^2 \frac{F...
I can't figure out why you would want to use a tab mark
here. If you just want an ampersand, the remedy is
simple: Just type `I\&' now. But if some right brace
up above has ended a previous alignment prematurely,
you're probably due for more error messages, and you
might try typing `S' now just to see what is salvageable.

! Undefined control sequence.
l.335 ...}{W_{y}^3}  + 2n_0 \gamma^2 \left<n(\vect
                                                  {r}_{\perp},z), \pder{|u|^...
The control sequence at the end of the top line
of your error message was never \def'ed. If you have
misspelled it (e.g., `\hobx'), type `I' and the correct
spelling (e.g., `I\hbox'). Otherwise just continue,
and I'll forget about whatever was undefined.

! Undefined control sequence.
l.335 ...amma^2 \left<n(\vect{r}_{\perp},z), \pder
                                                  {|u|^2}{W_{y}}\right>= 0 \\
The control sequence at the end of the top line
of your error message was never \def'ed. If you have
misspelled it (e.g., `\hobx'), type `I' and the correct
spelling (e.g., `I\hbox'). Otherwise just continue,
and I'll forget about whatever was undefined.

! Misplaced alignment tab character &.
l.336          \dot{F}_{y}  &
                             =   - \frac{1}{2 n_0 \alpha} W_{y}^4 + \frac{2}...
I can't figure out why you would want to use a tab mark
here. If you just want an ampersand, the remedy is
simple: Just type `I\&' now. But if some right brace
up above has ended a previous alignment prematurely,
you're probably due for more error messages, and you
might try typing `S' now just to see what is salvageable.

! Undefined control sequence.
l.336 ...^2 W_{y}^3}{ \alpha\, A^2}  \left<n(\vect
                                                  {r}_{\perp},z), \pder{|u|^...
The control sequence at the end of the top line
of your error message was never \def'ed. If you have
misspelled it (e.g., `\hobx'), type `I' and the correct
spelling (e.g., `I\hbox'). Otherwise just continue,
and I'll forget about whatever was undefined.

! Undefined control sequence.
l.336 ... A^2}  \left<n(\vect{r}_{\perp},z), \pder
                                                  {|u|^2}{W_{y}}\right> \\
The control sequence at the end of the top line
of your error message was never \def'ed. If you have
misspelled it (e.g., `\hobx'), type `I' and the correct
spelling (e.g., `I\hbox'). Otherwise just continue,
and I'll forget about whatever was undefined.


! LaTeX Error: \begin{equation} on input line 333 ended by \end{split}.

See the LaTeX manual or LaTeX Companion for explanation.
Type  H <return>  for immediate help.
 ...                                              
                                                  
l.337 \end{split}
                 
Your command was ignored.
Type  I <command> <return>  to replace it with another command,
or  <return>  to continue without it.


Overfull \hbox (515.9676pt too wide) detected at line 338
\OT1/cmr/m/n/10 2\OML/cmm/m/it/10 n[] A[] [] \OMS/cmsy/m/n/10 ^^@ \OML/cmm/m/i
t/10 A[]W[] \OT1/cmr/m/n/10 + 4\OML/cmm/m/it/10 A[][] \OT1/cmr/m/n/10 + 2\OML/c
mm/m/it/10 n[]^^M[] [] \OT1/cmr/m/n/10 = 0[] [] = \OMS/cmsy/m/n/10 ^^@[]\OML/cm
m/m/it/10 W[] \OT1/cmr/m/n/10 + []\OML/cmm/m/it/10 F[] \OT1/cmr/m/n/10 + [] [] 
[] 
 []

! Undefined control sequence.
l.340 \subsubsection
                    { Equations in A}
The control sequence at the end of the top line
of your error message was never \def'ed. If you have
misspelled it (e.g., `\hobx'), type `I' and the correct
spelling (e.g., `I\hbox'). Otherwise just continue,
and I'll forget about whatever was undefined.


! LaTeX Error: Missing \begin{document}.

See the LaTeX manual or LaTeX Companion for explanation.
Type  H <return>  for immediate help.
 ...                                              
                                                  
l.340 \subsubsection{ E
                       quations in A}
You're in trouble here.  Try typing  <return>  to proceed.
If that doesn't work, type  X <return>  to quit.

Missing character: There is no E in font nullfont!
Missing character: There is no q in font nullfont!
Missing character: There is no u in font nullfont!
Missing character: There is no a in font nullfont!
Missing character: There is no t in font nullfont!
Missing character: There is no i in font nullfont!
Missing character: There is no o in font nullfont!
Missing character: There is no n in font nullfont!
Missing character: There is no s in font nullfont!
Missing character: There is no i in font nullfont!
Missing character: There is no n in font nullfont!
Missing character: There is no A in font nullfont!

Overfull \hbox (20.0pt too wide) in paragraph at lines 340--341
[]
 []


! LaTeX Error: Environment split undefined.

See the LaTeX manual or LaTeX Companion for explanation.
Type  H <return>  for immediate help.
 ...                                              
                                                  
l.342 \begin{split}
                   
Your command was ignored.
Type  I <command> <return>  to replace it with another command,
or  <return>  to continue without it.

! Misplaced alignment tab character &.
l.343     &
           2 n_0 \alpha\, (2A) \left(\dot{P}  + \frac{\dot{F}_{x} }{2W_{x}^2...
I can't figure out why you would want to use a tab mark
here. If you just want an ampersand, the remedy is
simple: Just type `I\&' now. But if some right brace
up above has ended a previous alignment prematurely,
you're probably due for more error messages, and you
might try typing `S' now just to see what is salvageable.

! Misplaced alignment tab character &.
<recently read> &
                 
l.344     &
           - 2A  \left(T_x^2 + T_y^2 \right) - 4A  \left(\frac{F_{x}^2}{W_{x...
I can't figure out why you would want to use a tab mark
here. If you just want an ampersand, the remedy is
simple: Just type `I\&' now. But if some right brace
up above has ended a previous alignment prematurely,
you're probably due for more error messages, and you
might try typing `S' now just to see what is salvageable.

! Undefined control sequence.
l.344 ...2}\right) +  2n_0 \gamma^2 \left< n(\vect
                                                  {r}_{\perp},z),\pder{|u|^2...
The control sequence at the end of the top line
of your error message was never \def'ed. If you have
misspelled it (e.g., `\hobx'), type `I' and the correct
spelling (e.g., `I\hbox'). Otherwise just continue,
and I'll forget about whatever was undefined.

! Undefined control sequence.
l.344 ...amma^2 \left< n(\vect{r}_{\perp},z),\pder
                                                  {|u|^2}{A}\right> = 0\\
The control sequence at the end of the top line
of your error message was never \def'ed. If you have
misspelled it (e.g., `\hobx'), type `I' and the correct
spelling (e.g., `I\hbox'). Otherwise just continue,
and I'll forget about whatever was undefined.

! Misplaced alignment tab character &.
<recently read> &
                 
l.345     &
            \left(\dot{P}  + \frac{\dot{F}_{x} }{2W_{x}^2} + \frac{\dot{F}_{...
I can't figure out why you would want to use a tab mark
here. If you just want an ampersand, the remedy is
simple: Just type `I\&' now. But if some right brace
up above has ended a previous alignment prematurely,
you're probably due for more error messages, and you
might try typing `S' now just to see what is salvageable.

! Misplaced alignment tab character &.
<recently read> &
                 
l.346     &
           \quad+ \frac{2A}{2 n_0 \alpha\, (2A)}  \left(T_x^2 + T_y^2 \right...
I can't figure out why you would want to use a tab mark
here. If you just want an ampersand, the remedy is
simple: Just type `I\&' now. But if some right brace
up above has ended a previous alignment prematurely,
you're probably due for more error messages, and you
might try typing `S' now just to see what is salvageable.

! Undefined control sequence.
l.346 ...ma^2}{2 n_0 \alpha\, (2A)} \left< n(\vect
                                                  {r}_{\perp},z),\pder{|u|^2...
The control sequence at the end of the top line
of your error message was never \def'ed. If you have
misspelled it (e.g., `\hobx'), type `I' and the correct
spelling (e.g., `I\hbox'). Otherwise just continue,
and I'll forget about whatever was undefined.

! Undefined control sequence.
l.346 ... (2A)} \left< n(\vect{r}_{\perp},z),\pder
                                                  {|u|^2}{A}\right> \\
The control sequence at the end of the top line
of your error message was never \def'ed. If you have
misspelled it (e.g., `\hobx'), type `I' and the correct
spelling (e.g., `I\hbox'). Otherwise just continue,
and I'll forget about whatever was undefined.

! Misplaced alignment tab character &.
<recently read> &
                 
l.347     &
            \left(\dot{P}  + \frac{\dot{F}_{x} }{2W_{x}^2} + \frac{\dot{F}_{...
I can't figure out why you would want to use a tab mark
here. If you just want an ampersand, the remedy is
simple: Just type `I\&' now. But if some right brace
up above has ended a previous alignment prematurely,
you're probably due for more error messages, and you
might try typing `S' now just to see what is salvageable.

! Misplaced alignment tab character &.
<recently read> &
                 
l.348     &
           \quad + \frac{1}{2 n_0 \alpha}  \left(T_x^2 + T_y^2 \right) + \fr...
I can't figure out why you would want to use a tab mark
here. If you just want an ampersand, the remedy is
simple: Just type `I\&' now. But if some right brace
up above has ended a previous alignment prematurely,
you're probably due for more error messages, and you
might try typing `S' now just to see what is salvageable.

! Undefined control sequence.
l.348 ...rac{\gamma^2}{2 \alpha A)} \left< n(\vect
                                                  {r}_{\perp},z),\pder{|u|^2...
The control sequence at the end of the top line
of your error message was never \def'ed. If you have
misspelled it (e.g., `\hobx'), type `I' and the correct
spelling (e.g., `I\hbox'). Otherwise just continue,
and I'll forget about whatever was undefined.

! Undefined control sequence.
l.348 ...ha A)} \left< n(\vect{r}_{\perp},z),\pder
                                                  {|u|^2}{A}\right>
The control sequence at the end of the top line
of your error message was never \def'ed. If you have
misspelled it (e.g., `\hobx'), type `I' and the correct
spelling (e.g., `I\hbox'). Otherwise just continue,
and I'll forget about whatever was undefined.


! LaTeX Error: \begin{equation} on input line 341 ended by \end{split}.

See the LaTeX manual or LaTeX Companion for explanation.
Type  H <return>  for immediate help.
 ...                                              
                                                  
l.349 \end{split}
                 
Your command was ignored.
Type  I <command> <return>  to replace it with another command,
or  <return>  to continue without it.


Overfull \hbox (1811.39558pt too wide) detected at line 350
\OT1/cmr/m/n/10 2\OML/cmm/m/it/10 n[] \OT1/cmr/m/n/10 (2\OML/cmm/m/it/10 A\OT1
/cmr/m/n/10 ) [] \OMS/cmsy/m/n/10 ^^@ \OT1/cmr/m/n/10 2\OML/cmm/m/it/10 A [] \O
MS/cmsy/m/n/10 ^^@ \OML/cmm/m/it/10 A [] []  \OMS/cmsy/m/n/10 ^^@ \OT1/cmr/m/n/
10 2\OML/cmm/m/it/10 A [] \OMS/cmsy/m/n/10 ^^@ \OT1/cmr/m/n/10 4\OML/cmm/m/it/1
0 A [] \OT1/cmr/m/n/10 + 2\OML/cmm/m/it/10 n[]^^M[] [] \OT1/cmr/m/n/10 = 0[]  [
] = [] [] + [] [] []   + [] [] + [] [] \OMS/cmsy/m/n/10 ^^@ [] [] []  [] \OT1/c
mr/m/n/10 = [] [] + [] [] []   + [] [] + [] [] \OMS/cmsy/m/n/10 ^^@ [] []
 []


! LaTeX Error: Missing \begin{document}.

See the LaTeX manual or LaTeX Companion for explanation.
Type  H <return>  for immediate help.
 ...                                              
                                                  
l.352 \begin{equation}
                      
You're in trouble here.  Try typing  <return>  to proceed.
If that doesn't work, type  X <return>  to quit.


Overfull \hbox (20.0pt too wide) in paragraph at lines 352--352
[] 
 []


! LaTeX Error: Environment split undefined.

See the LaTeX manual or LaTeX Companion for explanation.
Type  H <return>  for immediate help.
 ...                                              
                                                  
l.353 \begin{split}
                   
Your command was ignored.
Type  I <command> <return>  to replace it with another command,
or  <return>  to continue without it.

! Misplaced alignment tab character &.
l.354     \dot{P}  &
                    = -\frac{\dot{F}_{x} }{2W_{x}^2} - \frac{\dot{F}_{y}}{2W...
I can't figure out why you would want to use a tab mark
here. If you just want an ampersand, the remedy is
simple: Just type `I\&' now. But if some right brace
up above has ended a previous alignment prematurely,
you're probably due for more error messages, and you
might try typing `S' now just to see what is salvageable.

! Misplaced alignment tab character &.
<recently read> &
                 
l.357     &
           \quad + \frac{1}{2 n_0 \alpha}  \left(T_x^2 + T_y^2 \right) + \fr...
I can't figure out why you would want to use a tab mark
here. If you just want an ampersand, the remedy is
simple: Just type `I\&' now. But if some right brace
up above has ended a previous alignment prematurely,
you're probably due for more error messages, and you
might try typing `S' now just to see what is salvageable.

! Undefined control sequence.
l.357 ...frac{\gamma^2}{2 \alpha A} \left< n(\vect
                                                  {r}_{\perp},z),\pder{|u|^2...
The control sequence at the end of the top line
of your error message was never \def'ed. If you have
misspelled it (e.g., `\hobx'), type `I' and the correct
spelling (e.g., `I\hbox'). Otherwise just continue,
and I'll forget about whatever was undefined.

! Undefined control sequence.
l.357 ...pha A} \left< n(\vect{r}_{\perp},z),\pder
                                                  {|u|^2}{A}\right>
The control sequence at the end of the top line
of your error message was never \def'ed. If you have
misspelled it (e.g., `\hobx'), type `I' and the correct
spelling (e.g., `I\hbox'). Otherwise just continue,
and I'll forget about whatever was undefined.


! LaTeX Error: \begin{equation} on input line 352 ended by \end{split}.

See the LaTeX manual or LaTeX Companion for explanation.
Type  H <return>  for immediate help.
 ...                                              
                                                  
l.358 \end{split}
                 
Your command was ignored.
Type  I <command> <return>  to replace it with another command,
or  <return>  to continue without it.


Overfull \hbox (539.52281pt too wide) detected at line 359
[] \OT1/cmr/m/n/10 = \OMS/cmsy/m/n/10 ^^@[] ^^@ [] \OT1/cmr/m/n/10 + [] [] + []
 [] []   + [] [] + [] [] \OMS/cmsy/m/n/10 ^^@ [] []
 []


! LaTeX Error: Missing \begin{document}.

See the LaTeX manual or LaTeX Companion for explanation.
Type  H <return>  for immediate help.
 ...                                              
                                                  
l.363 \begin{equation}
                      
You're in trouble here.  Try typing  <return>  to proceed.
If that doesn't work, type  X <return>  to quit.


Overfull \hbox (20.0pt too wide) in paragraph at lines 363--363
[] 
 []


! LaTeX Error: Environment split undefined.

See the LaTeX manual or LaTeX Companion for explanation.
Type  H <return>  for immediate help.
 ...                                              
                                                  
l.364 \begin{split}
                   
Your command was ignored.
Type  I <command> <return>  to replace it with another command,
or  <return>  to continue without it.

! Misplaced alignment tab character &.
l.365     \dot{P}  &
                    = -\frac{1}{2W_{x}^2} \left(- \frac{1}{2 n_0 \alpha} W_{...
I can't figure out why you would want to use a tab mark
here. If you just want an ampersand, the remedy is
simple: Just type `I\&' now. But if some right brace
up above has ended a previous alignment prematurely,
you're probably due for more error messages, and you
might try typing `S' now just to see what is salvageable.

! Undefined control sequence.
l.365 ...^2 W_{x}^3}{ \alpha\, A^2}  \left<n(\vect
                                                  {r}_{\perp},z), \pder{|u|^...
The control sequence at the end of the top line
of your error message was never \def'ed. If you have
misspelled it (e.g., `\hobx'), type `I' and the correct
spelling (e.g., `I\hbox'). Otherwise just continue,
and I'll forget about whatever was undefined.

! Undefined control sequence.
l.365 ... A^2}  \left<n(\vect{r}_{\perp},z), \pder
                                                  {|u|^2}{W_{x}}\right>\righ...
The control sequence at the end of the top line
of your error message was never \def'ed. If you have
misspelled it (e.g., `\hobx'), type `I' and the correct
spelling (e.g., `I\hbox'). Otherwise just continue,
and I'll forget about whatever was undefined.

! Misplaced alignment tab character &.
<recently read> &
                 
l.366     &
           \quad - \frac{1}{2W_{y}^2} \left(- \frac{1}{2 n_0 \alpha} W_{y}^4...
I can't figure out why you would want to use a tab mark
here. If you just want an ampersand, the remedy is
simple: Just type `I\&' now. But if some right brace
up above has ended a previous alignment prematurely,
you're probably due for more error messages, and you
might try typing `S' now just to see what is salvageable.

! Undefined control sequence.
l.366 ...^2 W_{y}^3}{ \alpha\, A^2}  \left<n(\vect
                                                  {r}_{\perp},z), \pder{|u|^...
The control sequence at the end of the top line
of your error message was never \def'ed. If you have
misspelled it (e.g., `\hobx'), type `I' and the correct
spelling (e.g., `I\hbox'). Otherwise just continue,
and I'll forget about whatever was undefined.

! Undefined control sequence.
l.366 ... A^2}  \left<n(\vect{r}_{\perp},z), \pder
                                                  {|u|^2}{W_{y}}\right>\righ...
The control sequence at the end of the top line
of your error message was never \def'ed. If you have
misspelled it (e.g., `\hobx'), type `I' and the correct
spelling (e.g., `I\hbox'). Otherwise just continue,
and I'll forget about whatever was undefined.

! Misplaced alignment tab character &.
<recently read> &
                 
l.367     &
           \quad + \frac{1}{2 n_0 \alpha}T_x  \left( - 2T_x \right) \\
I can't figure out why you would want to use a tab mark
here. If you just want an ampersand, the remedy is
simple: Just type `I\&' now. But if some right brace
up above has ended a previous alignment prematurely,
you're probably due for more error messages, and you
might try typing `S' now just to see what is salvageable.

! Misplaced alignment tab character &.
<recently read> &
                 
l.368     &
           \quad + \frac{1}{2 n_0 \alpha}T_y  \left( - 2T_y \right) \\
I can't figure out why you would want to use a tab mark
here. If you just want an ampersand, the remedy is
simple: Just type `I\&' now. But if some right brace
up above has ended a previous alignment prematurely,
you're probably due for more error messages, and you
might try typing `S' now just to see what is salvageable.

! Misplaced alignment tab character &.
<recently read> &
                 
l.369     &
           \quad + \frac{1}{4 n_0 \alpha}  \left(W_x^2+ W_y^2\right) \\
I can't figure out why you would want to use a tab mark
here. If you just want an ampersand, the remedy is
simple: Just type `I\&' now. But if some right brace
up above has ended a previous alignment prematurely,
you're probably due for more error messages, and you
might try typing `S' now just to see what is salvageable.

! Misplaced alignment tab character &.
<recently read> &
                 
l.370     &
           \quad + \frac{1}{2 n_0 \alpha}  \left(T_x^2 + T_y^2 \right) \\
I can't figure out why you would want to use a tab mark
here. If you just want an ampersand, the remedy is
simple: Just type `I\&' now. But if some right brace
up above has ended a previous alignment prematurely,
you're probably due for more error messages, and you
might try typing `S' now just to see what is salvageable.

! Misplaced alignment tab character &.
<recently read> &
                 
l.371     &
           \quad + \frac{1}{n_0 \alpha}  \left(\frac{F_{x}^2}{W_{x}^2} + \fr...
I can't figure out why you would want to use a tab mark
here. If you just want an ampersand, the remedy is
simple: Just type `I\&' now. But if some right brace
up above has ended a previous alignment prematurely,
you're probably due for more error messages, and you
might try typing `S' now just to see what is salvageable.

! Misplaced alignment tab character &.
<recently read> &
                 
l.372     &
           \quad -  \frac{\gamma^2}{2 \alpha A} \left< n(\vect{r}_{\perp},z)...
I can't figure out why you would want to use a tab mark
here. If you just want an ampersand, the remedy is
simple: Just type `I\&' now. But if some right brace
up above has ended a previous alignment prematurely,
you're probably due for more error messages, and you
might try typing `S' now just to see what is salvageable.

! Undefined control sequence.
l.372 ...frac{\gamma^2}{2 \alpha A} \left< n(\vect
                                                  {r}_{\perp},z),\pder{|u|^2...
The control sequence at the end of the top line
of your error message was never \def'ed. If you have
misspelled it (e.g., `\hobx'), type `I' and the correct
spelling (e.g., `I\hbox'). Otherwise just continue,
and I'll forget about whatever was undefined.

! Undefined control sequence.
l.372 ...pha A} \left< n(\vect{r}_{\perp},z),\pder
                                                  {|u|^2}{A}\right>   \\
The control sequence at the end of the top line
of your error message was never \def'ed. If you have
misspelled it (e.g., `\hobx'), type `I' and the correct
spelling (e.g., `I\hbox'). Otherwise just continue,
and I'll forget about whatever was undefined.

! Misplaced alignment tab character &.
<recently read> &
                 
l.373     &
           =  \left(\frac{1}{4 n_0 \alpha} W_{x}^2 -\frac{1}{n_0 \alpha} \fr...
I can't figure out why you would want to use a tab mark
here. If you just want an ampersand, the remedy is
simple: Just type `I\&' now. But if some right brace
up above has ended a previous alignment prematurely,
you're probably due for more error messages, and you
might try typing `S' now just to see what is salvageable.

! Undefined control sequence.
l.373 ...^2 W_{x}}{ 2 \alpha\, A^2}  \left<n(\vect
                                                  {r}_{\perp},z), \pder{|u|^...
The control sequence at the end of the top line
of your error message was never \def'ed. If you have
misspelled it (e.g., `\hobx'), type `I' and the correct
spelling (e.g., `I\hbox'). Otherwise just continue,
and I'll forget about whatever was undefined.

! Undefined control sequence.
l.373 ... A^2}  \left<n(\vect{r}_{\perp},z), \pder
                                                  {|u|^2}{W_{x}}\right>\righ...
The control sequence at the end of the top line
of your error message was never \def'ed. If you have
misspelled it (e.g., `\hobx'), type `I' and the correct
spelling (e.g., `I\hbox'). Otherwise just continue,
and I'll forget about whatever was undefined.

! Misplaced alignment tab character &.
<recently read> &
                 
l.374     &
           \quad\left( \frac{1}{4 n_0 \alpha} W_{y}^2 - \frac{1}{n_0 \alpha}...
I can't figure out why you would want to use a tab mark
here. If you just want an ampersand, the remedy is
simple: Just type `I\&' now. But if some right brace
up above has ended a previous alignment prematurely,
you're probably due for more error messages, and you
might try typing `S' now just to see what is salvageable.

! Undefined control sequence.
l.374 ...^2 W_{y}}{ 2 \alpha\, A^2}  \left<n(\vect
                                                  {r}_{\perp},z), \pder{|u|^...
The control sequence at the end of the top line
of your error message was never \def'ed. If you have
misspelled it (e.g., `\hobx'), type `I' and the correct
spelling (e.g., `I\hbox'). Otherwise just continue,
and I'll forget about whatever was undefined.

! Undefined control sequence.
l.374 ... A^2}  \left<n(\vect{r}_{\perp},z), \pder
                                                  {|u|^2}{W_{y}}\right>\righ...
The control sequence at the end of the top line
of your error message was never \def'ed. If you have
misspelled it (e.g., `\hobx'), type `I' and the correct
spelling (e.g., `I\hbox'). Otherwise just continue,
and I'll forget about whatever was undefined.

! Misplaced alignment tab character &.
<recently read> &
                 
l.375     &
           \quad + \frac{1}{4 n_0 \alpha}  \left(W_x^2+ W_y^2\right) \\
I can't figure out why you would want to use a tab mark
here. If you just want an ampersand, the remedy is
simple: Just type `I\&' now. But if some right brace
up above has ended a previous alignment prematurely,
you're probably due for more error messages, and you
might try typing `S' now just to see what is salvageable.

! Misplaced alignment tab character &.
<recently read> &
                 
l.376     &
           \quad + \frac{1}{n_0 \alpha}  \left(\frac{F_{x}^2}{W_{x}^2} + \fr...
I can't figure out why you would want to use a tab mark
here. If you just want an ampersand, the remedy is
simple: Just type `I\&' now. But if some right brace
up above has ended a previous alignment prematurely,
you're probably due for more error messages, and you
might try typing `S' now just to see what is salvageable.

! Misplaced alignment tab character &.
<recently read> &
                 
l.377     &
           \quad -  \frac{\gamma^2}{2 \alpha A} \left< n(\vect{r}_{\perp},z)...
I can't figure out why you would want to use a tab mark
here. If you just want an ampersand, the remedy is
simple: Just type `I\&' now. But if some right brace
up above has ended a previous alignment prematurely,
you're probably due for more error messages, and you
might try typing `S' now just to see what is salvageable.

! Undefined control sequence.
l.377 ...frac{\gamma^2}{2 \alpha A} \left< n(\vect
                                                  {r}_{\perp},z),\pder{|u|^2...
The control sequence at the end of the top line
of your error message was never \def'ed. If you have
misspelled it (e.g., `\hobx'), type `I' and the correct
spelling (e.g., `I\hbox'). Otherwise just continue,
and I'll forget about whatever was undefined.

! Undefined control sequence.
l.377 ...pha A} \left< n(\vect{r}_{\perp},z),\pder
                                                  {|u|^2}{A}\right>   \\
The control sequence at the end of the top line
of your error message was never \def'ed. If you have
misspelled it (e.g., `\hobx'), type `I' and the correct
spelling (e.g., `I\hbox'). Otherwise just continue,
and I'll forget about whatever was undefined.


! LaTeX Error: \begin{equation} on input line 363 ended by \end{split}.

See the LaTeX manual or LaTeX Companion for explanation.
Type  H <return>  for immediate help.
 ...                                              
                                                  
l.378 \end{split}
                 
Your command was ignored.
Type  I <command> <return>  to replace it with another command,
or  <return>  to continue without it.


Overfull \hbox (1815.82141pt too wide) detected at line 379
[] \OT1/cmr/m/n/10 = \OMS/cmsy/m/n/10 ^^@[] [] []   ^^@ [] [] []   \OT1/cmr/m/n
/10 + []\OML/cmm/m/it/10 T[] [] []   \OT1/cmr/m/n/10 + []\OML/cmm/m/it/10 T[] [
] []   \OT1/cmr/m/n/10 + [] [] []   + [] [] []   + [] [] []   \OMS/cmsy/m/n/10 
^^@ [] [] []  \OT1/cmr/m/n/10 = [] []   [] []   + [] [] []   + [] [] []   \OMS/
cmsy/m/n/10 ^^@ [] [] [] 
 []


! LaTeX Error: Missing \begin{document}.

See the LaTeX manual or LaTeX Companion for explanation.
Type  H <return>  for immediate help.
 ...                                              
                                                  
l.382 \begin{equation}
                      
You're in trouble here.  Try typing  <return>  to proceed.
If that doesn't work, type  X <return>  to quit.


Overfull \hbox (20.0pt too wide) in paragraph at lines 382--382
[] 
 []


! LaTeX Error: Environment split undefined.

See the LaTeX manual or LaTeX Companion for explanation.
Type  H <return>  for immediate help.
 ...                                              
                                                  
l.383 \begin{split}
                   
Your command was ignored.
Type  I <command> <return>  to replace it with another command,
or  <return>  to continue without it.

! Misplaced alignment tab character &.
l.384     \dot{P}  &
                    = \frac{1}{2 n_0 \alpha} \left(W_{x}^2 + W_{y}^2\right) ...
I can't figure out why you would want to use a tab mark
here. If you just want an ampersand, the remedy is
simple: Just type `I\&' now. But if some right brace
up above has ended a previous alignment prematurely,
you're probably due for more error messages, and you
might try typing `S' now just to see what is salvageable.

! Undefined control sequence.
l.384 ...ma^2 W_{x}}{ 2 \alpha A^2}  \left<n(\vect
                                                  {r}_{\perp},z), \pder{|u|^...
The control sequence at the end of the top line
of your error message was never \def'ed. If you have
misspelled it (e.g., `\hobx'), type `I' and the correct
spelling (e.g., `I\hbox'). Otherwise just continue,
and I'll forget about whatever was undefined.

! Undefined control sequence.
l.384 ... A^2}  \left<n(\vect{r}_{\perp},z), \pder
                                                  {|u|^2}{W_{x}}\right>
The control sequence at the end of the top line
of your error message was never \def'ed. If you have
misspelled it (e.g., `\hobx'), type `I' and the correct
spelling (e.g., `I\hbox'). Otherwise just continue,
and I'll forget about whatever was undefined.

! Undefined control sequence.
l.385 ...ma^2 W_{y}}{ 2 \alpha A^2}  \left<n(\vect
                                                  {r}_{\perp},z), \pder{|u|^...
The control sequence at the end of the top line
of your error message was never \def'ed. If you have
misspelled it (e.g., `\hobx'), type `I' and the correct
spelling (e.g., `I\hbox'). Otherwise just continue,
and I'll forget about whatever was undefined.

! Undefined control sequence.
l.385 ... A^2}  \left<n(\vect{r}_{\perp},z), \pder
                                                  {|u|^2}{W_{y}}\right>\\
The control sequence at the end of the top line
of your error message was never \def'ed. If you have
misspelled it (e.g., `\hobx'), type `I' and the correct
spelling (e.g., `I\hbox'). Otherwise just continue,
and I'll forget about whatever was undefined.

! Misplaced alignment tab character &.
<recently read> &
                 
l.386     &
           \quad -  \frac{\gamma^2}{2 \alpha A} \left< n(\vect{r}_{\perp},z)...
I can't figure out why you would want to use a tab mark
here. If you just want an ampersand, the remedy is
simple: Just type `I\&' now. But if some right brace
up above has ended a previous alignment prematurely,
you're probably due for more error messages, and you
might try typing `S' now just to see what is salvageable.

! Undefined control sequence.
l.386 ...frac{\gamma^2}{2 \alpha A} \left< n(\vect
                                                  {r}_{\perp},z),\pder{|u|^2...
The control sequence at the end of the top line
of your error message was never \def'ed. If you have
misspelled it (e.g., `\hobx'), type `I' and the correct
spelling (e.g., `I\hbox'). Otherwise just continue,
and I'll forget about whatever was undefined.

! Undefined control sequence.
l.386 ...pha A} \left< n(\vect{r}_{\perp},z),\pder
                                                  {|u|^2}{A}\right>
The control sequence at the end of the top line
of your error message was never \def'ed. If you have
misspelled it (e.g., `\hobx'), type `I' and the correct
spelling (e.g., `I\hbox'). Otherwise just continue,
and I'll forget about whatever was undefined.


! LaTeX Error: \begin{equation} on input line 382 ended by \end{split}.

See the LaTeX manual or LaTeX Companion for explanation.
Type  H <return>  for immediate help.
 ...                                              
                                                  
l.387 \end{split}
                 
Your command was ignored.
Type  I <command> <return>  to replace it with another command,
or  <return>  to continue without it.


Overfull \hbox (433.3867pt too wide) detected at line 388
[] \OT1/cmr/m/n/10 = [] [] \OMS/cmsy/m/n/10 ^^@ [] [] ^^@ [] [] []   ^^@ [] []
 []


! LaTeX Error: Missing \begin{document}.

See the LaTeX manual or LaTeX Companion for explanation.
Type  H <return>  for immediate help.
 ...                                              
                                                  
l.391 \begin{equation}
                      
You're in trouble here.  Try typing  <return>  to proceed.
If that doesn't work, type  X <return>  to quit.


Overfull \hbox (20.0pt too wide) in paragraph at lines 391--391
[] 
 []


! LaTeX Error: Environment split undefined.

See the LaTeX manual or LaTeX Companion for explanation.
Type  H <return>  for immediate help.
 ...                                              
                                                  
l.392 \begin{split}
                   
Your command was ignored.
Type  I <command> <return>  to replace it with another command,
or  <return>  to continue without it.

! Misplaced alignment tab character &.
l.393     \dot{P}  &
                    = \frac{1}{2 n_0 \alpha} \left(W_{x}^2 + W_{y}^2\right) ...
I can't figure out why you would want to use a tab mark
here. If you just want an ampersand, the remedy is
simple: Just type `I\&' now. But if some right brace
up above has ended a previous alignment prematurely,
you're probably due for more error messages, and you
might try typing `S' now just to see what is salvageable.

! Undefined control sequence.
l.393 ...\frac{\gamma^2 }{ 2 \alpha }\left<n(\vect
                                                  {r}_{\perp},z), \frac{W_{x...
The control sequence at the end of the top line
of your error message was never \def'ed. If you have
misspelled it (e.g., `\hobx'), type `I' and the correct
spelling (e.g., `I\hbox'). Otherwise just continue,
and I'll forget about whatever was undefined.

! Undefined control sequence.
l.393 ...ct{r}_{\perp},z), \frac{W_{x}}{A^2} \pder
                                                  {|u|^2}{W_{x}}+ \frac{ W_{...
The control sequence at the end of the top line
of your error message was never \def'ed. If you have
misspelled it (e.g., `\hobx'), type `I' and the correct
spelling (e.g., `I\hbox'). Otherwise just continue,
and I'll forget about whatever was undefined.

! Undefined control sequence.
l.393 ...er{|u|^2}{W_{x}}+ \frac{ W_{y}}{A^2}\pder
                                                  {|u|^2}{W_{y}}+\frac{1}{A}...
The control sequence at the end of the top line
of your error message was never \def'ed. If you have
misspelled it (e.g., `\hobx'), type `I' and the correct
spelling (e.g., `I\hbox'). Otherwise just continue,
and I'll forget about whatever was undefined.

! Undefined control sequence.
l.393 ...{A^2}\pder{|u|^2}{W_{y}}+\frac{1}{A}\pder
                                                  {|u|^2}{A}\right>
The control sequence at the end of the top line
of your error message was never \def'ed. If you have
misspelled it (e.g., `\hobx'), type `I' and the correct
spelling (e.g., `I\hbox'). Otherwise just continue,
and I'll forget about whatever was undefined.


! LaTeX Error: \begin{equation} on input line 391 ended by \end{split}.

See the LaTeX manual or LaTeX Companion for explanation.
Type  H <return>  for immediate help.
 ...                                              
                                                  
l.394 \end{split}
                 
Your command was ignored.
Type  I <command> <return>  to replace it with another command,
or  <return>  to continue without it.


Overfull \hbox (327.86244pt too wide) detected at line 395
[] \OT1/cmr/m/n/10 = [] [] \OMS/cmsy/m/n/10 ^^@ [] []
 []


Underfull \vbox (badness 10000) has occurred while \output is active []



! LaTeX Error: The font size command \normalsize is not defined:
               there is probably something wrong with the class file.

See the LaTeX manual or LaTeX Companion for explanation.
Type  H <return>  for immediate help.
 ...                                              
                                                  
l.400 \subsection
                 {Equations}
Your command was ignored.
Type  I <command> <return>  to replace it with another command,
or  <return>  to continue without it.

[2]
! Undefined control sequence.
<recently read> \subsection 
                            
l.400 \subsection
                 {Equations}
The control sequence at the end of the top line
of your error message was never \def'ed. If you have
misspelled it (e.g., `\hobx'), type `I' and the correct
spelling (e.g., `I\hbox'). Otherwise just continue,
and I'll forget about whatever was undefined.


! LaTeX Error: Missing \begin{document}.

See the LaTeX manual or LaTeX Companion for explanation.
Type  H <return>  for immediate help.
 ...                                              
                                                  
l.400 \subsection{E
                   quations}
You're in trouble here.  Try typing  <return>  to proceed.
If that doesn't work, type  X <return>  to quit.

Missing character: There is no E in font nullfont!
Missing character: There is no q in font nullfont!
Missing character: There is no u in font nullfont!
Missing character: There is no a in font nullfont!
Missing character: There is no t in font nullfont!
Missing character: There is no i in font nullfont!
Missing character: There is no o in font nullfont!
Missing character: There is no n in font nullfont!
Missing character: There is no s in font nullfont!

Overfull \hbox (20.0pt too wide) in paragraph at lines 400--401
[] 
 []


! LaTeX Error: Environment split undefined.

See the LaTeX manual or LaTeX Companion for explanation.
Type  H <return>  for immediate help.
 ...                                              
                                                  
l.402 \begin{split}
                   
Your command was ignored.
Type  I <command> <return>  to replace it with another command,
or  <return>  to continue without it.

! Misplaced alignment tab character &.
l.403   A(z) &
              = A(0)\\
I can't figure out why you would want to use a tab mark
here. If you just want an ampersand, the remedy is
simple: Just type `I\&' now. But if some right brace
up above has ended a previous alignment prematurely,
you're probably due for more error messages, and you
might try typing `S' now just to see what is salvageable.

! Misplaced alignment tab character &.
l.404 \dot{P}  &
                = \frac{1}{2 n_0 \alpha} \left(W_{x}^2 + W_{y}^2\right)  - \...
I can't figure out why you would want to use a tab mark
here. If you just want an ampersand, the remedy is
simple: Just type `I\&' now. But if some right brace
up above has ended a previous alignment prematurely,
you're probably due for more error messages, and you
might try typing `S' now just to see what is salvageable.

! Undefined control sequence.
l.404 ...- \frac{\gamma^2 }{\alpha } \left<n(\vect
                                                  {r}_{\perp},z), \frac{W_{x...
The control sequence at the end of the top line
of your error message was never \def'ed. If you have
misspelled it (e.g., `\hobx'), type `I' and the correct
spelling (e.g., `I\hbox'). Otherwise just continue,
and I'll forget about whatever was undefined.

! Undefined control sequence.
l.404 ...t{r}_{\perp},z), \frac{W_{x}}{2A^2} \pder
                                                  {|u|^2}{W_{x}}+ \frac{ W_{...
The control sequence at the end of the top line
of your error message was never \def'ed. If you have
misspelled it (e.g., `\hobx'), type `I' and the correct
spelling (e.g., `I\hbox'). Otherwise just continue,
and I'll forget about whatever was undefined.

! Undefined control sequence.
l.404 ...r{|u|^2}{W_{x}}+ \frac{ W_{y}}{2A^2}\pder
                                                  {|u|^2}{W_{y}}+\frac{1}{2A...
The control sequence at the end of the top line
of your error message was never \def'ed. If you have
misspelled it (e.g., `\hobx'), type `I' and the correct
spelling (e.g., `I\hbox'). Otherwise just continue,
and I'll forget about whatever was undefined.

! Undefined control sequence.
l.404 ...A^2}\pder{|u|^2}{W_{y}}+\frac{1}{2A}\pder
                                                  {|u|^2}{A}\right> \\
The control sequence at the end of the top line
of your error message was never \def'ed. If you have
misspelled it (e.g., `\hobx'), type `I' and the correct
spelling (e.g., `I\hbox'). Otherwise just continue,
and I'll forget about whatever was undefined.


! LaTeX Error: \begin{equation} on input line 401 ended by \end{split}.

See the LaTeX manual or LaTeX Companion for explanation.
Type  H <return>  for immediate help.
 ...                                              
                                                  
l.405 \end{split}
                 
Your command was ignored.
Type  I <command> <return>  to replace it with another command,
or  <return>  to continue without it.


Overfull \hbox (392.53514pt too wide) detected at line 406
\OML/cmm/m/it/10 A\OT1/cmr/m/n/10 (\OML/cmm/m/it/10 z\OT1/cmr/m/n/10 ) = \OML/c
mm/m/it/10 A\OT1/cmr/m/n/10 (0)[] [] = [] [] \OMS/cmsy/m/n/10 ^^@ [] [] [] 
 []


! LaTeX Error: Missing \begin{document}.

See the LaTeX manual or LaTeX Companion for explanation.
Type  H <return>  for immediate help.
 ...                                              
                                                  
l.408 \begin{equation}
                      
You're in trouble here.  Try typing  <return>  to proceed.
If that doesn't work, type  X <return>  to quit.


Overfull \hbox (20.0pt too wide) in paragraph at lines 408--408
[] 
 []


! LaTeX Error: Environment split undefined.

See the LaTeX manual or LaTeX Companion for explanation.
Type  H <return>  for immediate help.
 ...                                              
                                                  
l.409 \begin{split}
                   
Your command was ignored.
Type  I <command> <return>  to replace it with another command,
or  <return>  to continue without it.

! Misplaced alignment tab character &.
l.410  \dot{X} &
                = - 2T_x \\
I can't figure out why you would want to use a tab mark
here. If you just want an ampersand, the remedy is
simple: Just type `I\&' now. But if some right brace
up above has ended a previous alignment prematurely,
you're probably due for more error messages, and you
might try typing `S' now just to see what is salvageable.

! Misplaced alignment tab character &.
l.411 \dot{Y} &
               = - 2T_y \\
I can't figure out why you would want to use a tab mark
here. If you just want an ampersand, the remedy is
simple: Just type `I\&' now. But if some right brace
up above has ended a previous alignment prematurely,
you're probably due for more error messages, and you
might try typing `S' now just to see what is salvageable.

! Misplaced alignment tab character &.
l.412 \dot{T_x} &
                 = - n_0 \gamma^2 \left<n(\vect{r}_{\perp},z), \frac{2}{A^2}...
I can't figure out why you would want to use a tab mark
here. If you just want an ampersand, the remedy is
simple: Just type `I\&' now. But if some right brace
up above has ended a previous alignment prematurely,
you're probably due for more error messages, and you
might try typing `S' now just to see what is salvageable.

! Undefined control sequence.
l.412 \dot{T_x} &= - n_0 \gamma^2 \left<n(\vect
                                               {r}_{\perp},z), \frac{2}{A^2}...
The control sequence at the end of the top line
of your error message was never \def'ed. If you have
misspelled it (e.g., `\hobx'), type `I' and the correct
spelling (e.g., `I\hbox'). Otherwise just continue,
and I'll forget about whatever was undefined.

! Undefined control sequence.
l.412 ...n(\vect{r}_{\perp},z), \frac{2}{A^2}\pder
                                                  {|u|^2}{X}\right> \\
The control sequence at the end of the top line
of your error message was never \def'ed. If you have
misspelled it (e.g., `\hobx'), type `I' and the correct
spelling (e.g., `I\hbox'). Otherwise just continue,
and I'll forget about whatever was undefined.

! Misplaced alignment tab character &.
l.413 \dot{T_y} &
                 = - n_0 \gamma^2 \left<n(\vect{r}_{\perp},z), \frac{2}{A^2}...
I can't figure out why you would want to use a tab mark
here. If you just want an ampersand, the remedy is
simple: Just type `I\&' now. But if some right brace
up above has ended a previous alignment prematurely,
you're probably due for more error messages, and you
might try typing `S' now just to see what is salvageable.

! Undefined control sequence.
l.413 \dot{T_y} &= - n_0 \gamma^2 \left<n(\vect
                                               {r}_{\perp},z), \frac{2}{A^2}...
The control sequence at the end of the top line
of your error message was never \def'ed. If you have
misspelled it (e.g., `\hobx'), type `I' and the correct
spelling (e.g., `I\hbox'). Otherwise just continue,
and I'll forget about whatever was undefined.

! Undefined control sequence.
l.413 ...(\vect{r}_{\perp},z), \frac{2}{A^2} \pder
                                                  {|u|^2}{Y}\right> \\
The control sequence at the end of the top line
of your error message was never \def'ed. If you have
misspelled it (e.g., `\hobx'), type `I' and the correct
spelling (e.g., `I\hbox'). Otherwise just continue,
and I'll forget about whatever was undefined.


! LaTeX Error: \begin{equation} on input line 408 ended by \end{split}.

See the LaTeX manual or LaTeX Companion for explanation.
Type  H <return>  for immediate help.
 ...                                              
                                                  
l.414 \end{split}
                 
Your command was ignored.
Type  I <command> <return>  to replace it with another command,
or  <return>  to continue without it.


Overfull \hbox (388.12457pt too wide) detected at line 415
[] \OT1/cmr/m/n/10 = \OMS/cmsy/m/n/10 ^^@\OT1/cmr/m/n/10 2\OML/cmm/m/it/10 T[][
] [] \OT1/cmr/m/n/10 = \OMS/cmsy/m/n/10 ^^@\OT1/cmr/m/n/10 2\OML/cmm/m/it/10 T[
][] [] \OT1/cmr/m/n/10 = \OMS/cmsy/m/n/10 ^^@\OML/cmm/m/it/10 n[]^^M[] [] [] []
 \OT1/cmr/m/n/10 = \OMS/cmsy/m/n/10 ^^@\OML/cmm/m/it/10 n[]^^M[] [] [] 
 []


! LaTeX Error: Missing \begin{document}.

See the LaTeX manual or LaTeX Companion for explanation.
Type  H <return>  for immediate help.
 ...                                              
                                                  
l.418 \begin{equation}
                      
You're in trouble here.  Try typing  <return>  to proceed.
If that doesn't work, type  X <return>  to quit.


Overfull \hbox (20.0pt too wide) in paragraph at lines 418--418
[] 
 []


! LaTeX Error: Environment split undefined.

See the LaTeX manual or LaTeX Companion for explanation.
Type  H <return>  for immediate help.
 ...                                              
                                                  
l.419 \begin{split}
                   
Your command was ignored.
Type  I <command> <return>  to replace it with another command,
or  <return>  to continue without it.

! Misplaced alignment tab character &.
l.420 \dot{W_{x}} &
                   = 4 F_{x}W_{x} \\
I can't figure out why you would want to use a tab mark
here. If you just want an ampersand, the remedy is
simple: Just type `I\&' now. But if some right brace
up above has ended a previous alignment prematurely,
you're probably due for more error messages, and you
might try typing `S' now just to see what is salvageable.

! Misplaced alignment tab character &.
l.421 \dot{W_{y}} &
                   = 4 F_{y}W_{y} \\
I can't figure out why you would want to use a tab mark
here. If you just want an ampersand, the remedy is
simple: Just type `I\&' now. But if some right brace
up above has ended a previous alignment prematurely,
you're probably due for more error messages, and you
might try typing `S' now just to see what is salvageable.

! Misplaced alignment tab character &.
l.422 \dot{F}_{x}  &
                    =   - \frac{1}{2 n_0 \alpha} W_{x}^4+ \frac{2}{n_0 \alph...
I can't figure out why you would want to use a tab mark
here. If you just want an ampersand, the remedy is
simple: Just type `I\&' now. But if some right brace
up above has ended a previous alignment prematurely,
you're probably due for more error messages, and you
might try typing `S' now just to see what is salvageable.

! Undefined control sequence.
l.423 + \frac{\gamma^2}{\alpha}  \left<n(\vect
                                              {r}_{\perp},z), \frac{W_{x}^3}...
The control sequence at the end of the top line
of your error message was never \def'ed. If you have
misspelled it (e.g., `\hobx'), type `I' and the correct
spelling (e.g., `I\hbox'). Otherwise just continue,
and I'll forget about whatever was undefined.

! Undefined control sequence.
l.423 ...{r}_{\perp},z), \frac{W_{x}^3}{A^2} \pder
                                                  {|u|^2}{W_{x}}\right> \\
The control sequence at the end of the top line
of your error message was never \def'ed. If you have
misspelled it (e.g., `\hobx'), type `I' and the correct
spelling (e.g., `I\hbox'). Otherwise just continue,
and I'll forget about whatever was undefined.

! Misplaced alignment tab character &.
l.424 \dot{F}_{y}  &
                    =   - \frac{1}{2 n_0 \alpha} W_{y}^4 + \frac{2}{n_0 \alp...
I can't figure out why you would want to use a tab mark
here. If you just want an ampersand, the remedy is
simple: Just type `I\&' now. But if some right brace
up above has ended a previous alignment prematurely,
you're probably due for more error messages, and you
might try typing `S' now just to see what is salvageable.

! Undefined control sequence.
l.424 ... + \frac{\gamma^2}{\alpha}  \left<n(\vect
                                                  {r}_{\perp},z), \frac{W_{y...
The control sequence at the end of the top line
of your error message was never \def'ed. If you have
misspelled it (e.g., `\hobx'), type `I' and the correct
spelling (e.g., `I\hbox'). Otherwise just continue,
and I'll forget about whatever was undefined.

! Undefined control sequence.
l.424 ...{r}_{\perp},z), \frac{W_{y}^3}{A^2} \pder
                                                  {|u|^2}{W_{y}}\right>\\
The control sequence at the end of the top line
of your error message was never \def'ed. If you have
misspelled it (e.g., `\hobx'), type `I' and the correct
spelling (e.g., `I\hbox'). Otherwise just continue,
and I'll forget about whatever was undefined.


! LaTeX Error: \begin{equation} on input line 418 ended by \end{split}.

See the LaTeX manual or LaTeX Companion for explanation.
Type  H <return>  for immediate help.
 ...                                              
                                                  
l.425 \end{split}
                 
Your command was ignored.
Type  I <command> <return>  to replace it with another command,
or  <return>  to continue without it.


Overfull \hbox (592.16508pt too wide) detected at line 426
[] \OT1/cmr/m/n/10 = 4\OML/cmm/m/it/10 F[]W[][] [] \OT1/cmr/m/n/10 = 4\OML/cmm/
m/it/10 F[]W[][] [] \OT1/cmr/m/n/10 = \OMS/cmsy/m/n/10 ^^@[]\OML/cmm/m/it/10 W[
] \OT1/cmr/m/n/10 + []\OML/cmm/m/it/10 F[] \OT1/cmr/m/n/10 + [] [] [] [] = \OMS
/cmsy/m/n/10 ^^@[]\OML/cmm/m/it/10 W[] \OT1/cmr/m/n/10 + []\OML/cmm/m/it/10 F[]
 \OT1/cmr/m/n/10 + [] [] [] 
 []

! Undefined control sequence.
l.429 \subsection
                 {Derivatives}
The control sequence at the end of the top line
of your error message was never \def'ed. If you have
misspelled it (e.g., `\hobx'), type `I' and the correct
spelling (e.g., `I\hbox'). Otherwise just continue,
and I'll forget about whatever was undefined.


! LaTeX Error: Missing \begin{document}.

See the LaTeX manual or LaTeX Companion for explanation.
Type  H <return>  for immediate help.
 ...                                              
                                                  
l.429 \subsection{D
                   erivatives}
You're in trouble here.  Try typing  <return>  to proceed.
If that doesn't work, type  X <return>  to quit.

Missing character: There is no D in font nullfont!
Missing character: There is no e in font nullfont!
Missing character: There is no r in font nullfont!
Missing character: There is no i in font nullfont!
Missing character: There is no v in font nullfont!
Missing character: There is no a in font nullfont!
Missing character: There is no t in font nullfont!
Missing character: There is no i in font nullfont!
Missing character: There is no v in font nullfont!
Missing character: There is no e in font nullfont!
Missing character: There is no s in font nullfont!

Overfull \hbox (20.0pt too wide) in paragraph at lines 429--430
[] 
 []


! LaTeX Error: Missing \begin{document}.

See the LaTeX manual or LaTeX Companion for explanation.
Type  H <return>  for immediate help.
 ...                                              
                                                  
l.431 \begin{equation}
                      
You're in trouble here.  Try typing  <return>  to proceed.
If that doesn't work, type  X <return>  to quit.


Overfull \hbox (20.0pt too wide) in paragraph at lines 431--431
[] 
 []


! LaTeX Error: Environment split undefined.

See the LaTeX manual or LaTeX Companion for explanation.
Type  H <return>  for immediate help.
 ...                                              
                                                  
l.432 \begin{split}
                   
Your command was ignored.
Type  I <command> <return>  to replace it with another command,
or  <return>  to continue without it.


! LaTeX Error: \begin{equation} on input line 431 ended by \end{split}.

See the LaTeX manual or LaTeX Companion for explanation.
Type  H <return>  for immediate help.
 ...                                              
                                                  
l.434 \end{split}
                 
Your command was ignored.
Type  I <command> <return>  to replace it with another command,
or  <return>  to continue without it.


Overfull \hbox (229.34552pt too wide) detected at line 435
\OMS/cmsy/m/n/10 j\OML/cmm/m/it/10 u\OMS/cmsy/m/n/10 j[] \OT1/cmr/m/n/10 = [] [
] []
 []


! LaTeX Error: Missing \begin{document}.

See the LaTeX manual or LaTeX Companion for explanation.
Type  H <return>  for immediate help.
 ...                                              
                                                  
l.437 \begin{equation}
                      
You're in trouble here.  Try typing  <return>  to proceed.
If that doesn't work, type  X <return>  to quit.


Overfull \hbox (20.0pt too wide) in paragraph at lines 437--437
[] 
 []


! LaTeX Error: Environment split undefined.

See the LaTeX manual or LaTeX Companion for explanation.
Type  H <return>  for immediate help.
 ...                                              
                                                  
l.438 \begin{split}
                   
Your command was ignored.
Type  I <command> <return>  to replace it with another command,
or  <return>  to continue without it.

! Undefined control sequence.
l.439 \pder
           {|u|^2}{A}  = 2A \frac{W_x W_y}{\pi} \exp{-\left( W_x^2(x-X)^2 + ...
The control sequence at the end of the top line
of your error message was never \def'ed. If you have
misspelled it (e.g., `\hobx'), type `I' and the correct
spelling (e.g., `I\hbox'). Otherwise just continue,
and I'll forget about whatever was undefined.


! LaTeX Error: \begin{equation} on input line 437 ended by \end{split}.

See the LaTeX manual or LaTeX Companion for explanation.
Type  H <return>  for immediate help.
 ...                                              
                                                  
l.440 \end{split}
                 
Your command was ignored.
Type  I <command> <return>  to replace it with another command,
or  <return>  to continue without it.


Overfull \hbox (237.35942pt too wide) detected at line 441
[]\OML/cmm/m/it/10 A \OT1/cmr/m/n/10 = 2\OML/cmm/m/it/10 A[] [] []
 []


! LaTeX Error: Missing \begin{document}.

See the LaTeX manual or LaTeX Companion for explanation.
Type  H <return>  for immediate help.
 ...                                              
                                                  
l.443 \begin{equation}
                      
You're in trouble here.  Try typing  <return>  to proceed.
If that doesn't work, type  X <return>  to quit.


Overfull \hbox (20.0pt too wide) in paragraph at lines 443--443
[] 
 []


! LaTeX Error: Environment split undefined.

See the LaTeX manual or LaTeX Companion for explanation.
Type  H <return>  for immediate help.
 ...                                              
                                                  
l.444 \begin{split}
                   
Your command was ignored.
Type  I <command> <return>  to replace it with another command,
or  <return>  to continue without it.

! Undefined control sequence.
l.445 \pder
           {|u|^2}{X}  &= \frac{A^2W_x W_y}{\pi} (2W_x^2(x-X)) \exp{-\left( ...
The control sequence at the end of the top line
of your error message was never \def'ed. If you have
misspelled it (e.g., `\hobx'), type `I' and the correct
spelling (e.g., `I\hbox'). Otherwise just continue,
and I'll forget about whatever was undefined.

! Misplaced alignment tab character &.
l.445 \pder{|u|^2}{X}  &
                        = \frac{A^2W_x W_y}{\pi} (2W_x^2(x-X)) \exp{-\left( ...
I can't figure out why you would want to use a tab mark
here. If you just want an ampersand, the remedy is
simple: Just type `I\&' now. But if some right brace
up above has ended a previous alignment prematurely,
you're probably due for more error messages, and you
might try typing `S' now just to see what is salvageable.

! Undefined control sequence.
<recently read> \pder 
                      
l.447 \pder
           {|u|^2}{Y}  &= \frac{A^2W_x W_y}{\pi} (2W_y^2(y-Y)) \exp{-\left( ...
The control sequence at the end of the top line
of your error message was never \def'ed. If you have
misspelled it (e.g., `\hobx'), type `I' and the correct
spelling (e.g., `I\hbox'). Otherwise just continue,
and I'll forget about whatever was undefined.

! Misplaced alignment tab character &.
l.447 \pder{|u|^2}{Y}  &
                        = \frac{A^2W_x W_y}{\pi} (2W_y^2(y-Y)) \exp{-\left( ...
I can't figure out why you would want to use a tab mark
here. If you just want an ampersand, the remedy is
simple: Just type `I\&' now. But if some right brace
up above has ended a previous alignment prematurely,
you're probably due for more error messages, and you
might try typing `S' now just to see what is salvageable.


! LaTeX Error: \begin{equation} on input line 443 ended by \end{split}.

See the LaTeX manual or LaTeX Companion for explanation.
Type  H <return>  for immediate help.
 ...                                              
                                                  
l.448 \end{split}
                 
Your command was ignored.
Type  I <command> <return>  to replace it with another command,
or  <return>  to continue without it.


Overfull \hbox (591.16812pt too wide) detected at line 449
[]\OML/cmm/m/it/10 X \OT1/cmr/m/n/10 = [](2\OML/cmm/m/it/10 W[]\OT1/cmr/m/n/10 
(\OML/cmm/m/it/10 x \OMS/cmsy/m/n/10 ^^@ \OML/cmm/m/it/10 X\OT1/cmr/m/n/10 )) [
] [][] []\OML/cmm/m/it/10 Y \OT1/cmr/m/n/10 = [](2\OML/cmm/m/it/10 W[]\OT1/cmr/
m/n/10 (\OML/cmm/m/it/10 y \OMS/cmsy/m/n/10 ^^@ \OML/cmm/m/it/10 Y\OT1/cmr/m/n/
10 )) [] []
 []


! LaTeX Error: Missing \begin{document}.

See the LaTeX manual or LaTeX Companion for explanation.
Type  H <return>  for immediate help.
 ...                                              
                                                  
l.455 \begin{equation}
                      
You're in trouble here.  Try typing  <return>  to proceed.
If that doesn't work, type  X <return>  to quit.


Overfull \hbox (20.0pt too wide) in paragraph at lines 455--455
[] 
 []


! LaTeX Error: Environment split undefined.

See the LaTeX manual or LaTeX Companion for explanation.
Type  H <return>  for immediate help.
 ...                                              
                                                  
l.456 \begin{split}
                   
Your command was ignored.
Type  I <command> <return>  to replace it with another command,
or  <return>  to continue without it.

! Undefined control sequence.
l.457 \pder
           {|u|^2}{W_{x}} &= \left( \frac{A^2 W_y}{\pi} - \frac{A^2 W_{x} W_...
The control sequence at the end of the top line
of your error message was never \def'ed. If you have
misspelled it (e.g., `\hobx'), type `I' and the correct
spelling (e.g., `I\hbox'). Otherwise just continue,
and I'll forget about whatever was undefined.

! Misplaced alignment tab character &.
l.457 \pder{|u|^2}{W_{x}} &
                           = \left( \frac{A^2 W_y}{\pi} - \frac{A^2 W_{x} W_...
I can't figure out why you would want to use a tab mark
here. If you just want an ampersand, the remedy is
simple: Just type `I\&' now. But if some right brace
up above has ended a previous alignment prematurely,
you're probably due for more error messages, and you
might try typing `S' now just to see what is salvageable.

! Misplaced alignment tab character &.
<recently read> &
                 
l.458 &
       = \left( 1 - W_{x} \left(2W_x(x-X)^2\right)  \right) \frac{A^2 W_y}{\...
I can't figure out why you would want to use a tab mark
here. If you just want an ampersand, the remedy is
simple: Just type `I\&' now. But if some right brace
up above has ended a previous alignment prematurely,
you're probably due for more error messages, and you
might try typing `S' now just to see what is salvageable.

! Misplaced alignment tab character &.
<recently read> &
                 
l.459 &
       = \left(1  - 2 W_{x}^2 (x-X)^2  \right) \frac{A^2 W_y}{\pi}\exp{-\lef...
I can't figure out why you would want to use a tab mark
here. If you just want an ampersand, the remedy is
simple: Just type `I\&' now. But if some right brace
up above has ended a previous alignment prematurely,
you're probably due for more error messages, and you
might try typing `S' now just to see what is salvageable.


! LaTeX Error: \begin{equation} on input line 455 ended by \end{split}.

See the LaTeX manual or LaTeX Companion for explanation.
Type  H <return>  for immediate help.
 ...                                              
                                                  
l.460 \end{split}
                 
Your command was ignored.
Type  I <command> <return>  to replace it with another command,
or  <return>  to continue without it.


Overfull \hbox (966.9536pt too wide) detected at line 461
[][] \OT1/cmr/m/n/10 = [] [] [][]  = [] [] [] [][]  = [] [] [] [][] 
 []


! LaTeX Error: Missing \begin{document}.

See the LaTeX manual or LaTeX Companion for explanation.
Type  H <return>  for immediate help.
 ...                                              
                                                  
l.464 \begin{equation}
                      
You're in trouble here.  Try typing  <return>  to proceed.
If that doesn't work, type  X <return>  to quit.


Overfull \hbox (20.0pt too wide) in paragraph at lines 464--464
[] 
 []


! LaTeX Error: Environment split undefined.

See the LaTeX manual or LaTeX Companion for explanation.
Type  H <return>  for immediate help.
 ...                                              
                                                  
l.465 \begin{split}
                   
Your command was ignored.
Type  I <command> <return>  to replace it with another command,
or  <return>  to continue without it.

! Undefined control sequence.
l.466 \pder
           {|u|^2}{W_{y}} &= \left( \frac{A^2 W_x}{\pi} - \frac{A^2 W_{y} W_...
The control sequence at the end of the top line
of your error message was never \def'ed. If you have
misspelled it (e.g., `\hobx'), type `I' and the correct
spelling (e.g., `I\hbox'). Otherwise just continue,
and I'll forget about whatever was undefined.

! Misplaced alignment tab character &.
l.466 \pder{|u|^2}{W_{y}} &
                           = \left( \frac{A^2 W_x}{\pi} - \frac{A^2 W_{y} W_...
I can't figure out why you would want to use a tab mark
here. If you just want an ampersand, the remedy is
simple: Just type `I\&' now. But if some right brace
up above has ended a previous alignment prematurely,
you're probably due for more error messages, and you
might try typing `S' now just to see what is salvageable.

! Misplaced alignment tab character &.
<recently read> &
                 
l.467 &
       = \left( 1 - W_{y} \left(2W_y(y-Y)^2\right)  \right) \frac{A^2 W_x}{\...
I can't figure out why you would want to use a tab mark
here. If you just want an ampersand, the remedy is
simple: Just type `I\&' now. But if some right brace
up above has ended a previous alignment prematurely,
you're probably due for more error messages, and you
might try typing `S' now just to see what is salvageable.

! Misplaced alignment tab character &.
<recently read> &
                 
l.468 &
       = \left(1  - 2 W_{y}^2 (y-Y)^2  \right) \frac{A^2 W_x}{\pi}\exp{-\lef...
I can't figure out why you would want to use a tab mark
here. If you just want an ampersand, the remedy is
simple: Just type `I\&' now. But if some right brace
up above has ended a previous alignment prematurely,
you're probably due for more error messages, and you
might try typing `S' now just to see what is salvageable.


! LaTeX Error: \begin{equation} on input line 464 ended by \end{split}.

See the LaTeX manual or LaTeX Companion for explanation.
Type  H <return>  for immediate help.
 ...                                              
                                                  
l.469 \end{split}
                 
Your command was ignored.
Type  I <command> <return>  to replace it with another command,
or  <return>  to continue without it.


Overfull \hbox (962.23967pt too wide) detected at line 470
[][] \OT1/cmr/m/n/10 = [] [] [][]  = [] [] [] [][]  = [] [] [] [][] 
 []


! LaTeX Error: Missing \begin{document}.

See the LaTeX manual or LaTeX Companion for explanation.
Type  H <return>  for immediate help.
 ...                                              
                                                  
l.472 \begin{equation}
                      
You're in trouble here.  Try typing  <return>  to proceed.
If that doesn't work, type  X <return>  to quit.


Overfull \hbox (20.0pt too wide) in paragraph at lines 472--472
[] 
 []


! LaTeX Error: Environment split undefined.

See the LaTeX manual or LaTeX Companion for explanation.
Type  H <return>  for immediate help.
 ...                                              
                                                  
l.473 \begin{split}
                   
Your command was ignored.
Type  I <command> <return>  to replace it with another command,
or  <return>  to continue without it.

! Undefined control sequence.
l.474 V = \frac{1}{2A}\pder
                           {|u|^2}{A}  &= \frac{W_x W_y}{\pi} \exp{-\left( W...
The control sequence at the end of the top line
of your error message was never \def'ed. If you have
misspelled it (e.g., `\hobx'), type `I' and the correct
spelling (e.g., `I\hbox'). Otherwise just continue,
and I'll forget about whatever was undefined.

! Misplaced alignment tab character &.
l.474 V = \frac{1}{2A}\pder{|u|^2}{A}  &
                                        = \frac{W_x W_y}{\pi} \exp{-\left( W...
I can't figure out why you would want to use a tab mark
here. If you just want an ampersand, the remedy is
simple: Just type `I\&' now. But if some right brace
up above has ended a previous alignment prematurely,
you're probably due for more error messages, and you
might try typing `S' now just to see what is salvageable.


! LaTeX Error: \begin{equation} on input line 472 ended by \end{split}.

See the LaTeX manual or LaTeX Companion for explanation.
Type  H <return>  for immediate help.
 ...                                              
                                                  
l.475 \end{split}
                 
Your command was ignored.
Type  I <command> <return>  to replace it with another command,
or  <return>  to continue without it.


Overfull \hbox (261.1482pt too wide) detected at line 476
\OML/cmm/m/it/10 V \OT1/cmr/m/n/10 = [][]\OML/cmm/m/it/10 A \OT1/cmr/m/n/10 = [
] [] []
 []


! LaTeX Error: Missing \begin{document}.

See the LaTeX manual or LaTeX Companion for explanation.
Type  H <return>  for immediate help.
 ...                                              
                                                  
l.478 \begin{equation}
                      
You're in trouble here.  Try typing  <return>  to proceed.
If that doesn't work, type  X <return>  to quit.


Overfull \hbox (20.0pt too wide) in paragraph at lines 478--478
[] 
 []


! LaTeX Error: Environment split undefined.

See the LaTeX manual or LaTeX Companion for explanation.
Type  H <return>  for immediate help.
 ...                                              
                                                  
l.479 \begin{split}
                   
Your command was ignored.
Type  I <command> <return>  to replace it with another command,
or  <return>  to continue without it.

! Undefined control sequence.
l.480 \frac{W_{x}}{2A^2} \pder
                              {|u|^2}{W_{x}} &= \frac{1}{2}\left(1  - 2 W_{x...
The control sequence at the end of the top line
of your error message was never \def'ed. If you have
misspelled it (e.g., `\hobx'), type `I' and the correct
spelling (e.g., `I\hbox'). Otherwise just continue,
and I'll forget about whatever was undefined.

! Misplaced alignment tab character &.
l.480 \frac{W_{x}}{2A^2} \pder{|u|^2}{W_{x}} &
                                              = \frac{1}{2}\left(1  - 2 W_{x...
I can't figure out why you would want to use a tab mark
here. If you just want an ampersand, the remedy is
simple: Just type `I\&' now. But if some right brace
up above has ended a previous alignment prematurely,
you're probably due for more error messages, and you
might try typing `S' now just to see what is salvageable.

! Misplaced alignment tab character &.
<recently read> &
                 
l.481 &
       = \frac{1}{2}\left(1  - 2 W_{x}^2 (x-X)^2  \right) V \\
I can't figure out why you would want to use a tab mark
here. If you just want an ampersand, the remedy is
simple: Just type `I\&' now. But if some right brace
up above has ended a previous alignment prematurely,
you're probably due for more error messages, and you
might try typing `S' now just to see what is salvageable.

! Undefined control sequence.
l.482 \frac{W_{y}}{2A^2} \pder
                              {|u|^2}{W_{y}} &= \frac{1}{2} \left(1  - 2 W_{...
The control sequence at the end of the top line
of your error message was never \def'ed. If you have
misspelled it (e.g., `\hobx'), type `I' and the correct
spelling (e.g., `I\hbox'). Otherwise just continue,
and I'll forget about whatever was undefined.

! Misplaced alignment tab character &.
l.482 \frac{W_{y}}{2A^2} \pder{|u|^2}{W_{y}} &
                                              = \frac{1}{2} \left(1  - 2 W_{...
I can't figure out why you would want to use a tab mark
here. If you just want an ampersand, the remedy is
simple: Just type `I\&' now. But if some right brace
up above has ended a previous alignment prematurely,
you're probably due for more error messages, and you
might try typing `S' now just to see what is salvageable.

! Misplaced alignment tab character &.
<recently read> &
                 
l.483 &
       = \frac{1}{2} \left(1  - 2 W_{y}^2 (y-Y)^2  \right)  V \\
I can't figure out why you would want to use a tab mark
here. If you just want an ampersand, the remedy is
simple: Just type `I\&' now. But if some right brace
up above has ended a previous alignment prematurely,
you're probably due for more error messages, and you
might try typing `S' now just to see what is salvageable.


! LaTeX Error: \begin{equation} on input line 478 ended by \end{split}.

See the LaTeX manual or LaTeX Companion for explanation.
Type  H <return>  for immediate help.
 ...                                              
                                                  
l.484 \end{split}
                 
Your command was ignored.
Type  I <command> <return>  to replace it with another command,
or  <return>  to continue without it.


Overfull \hbox (928.8579pt too wide) detected at line 485
[][][] \OT1/cmr/m/n/10 = [] [] [] [] [][]  = [] [] \OML/cmm/m/it/10 V[] [][][] 
\OT1/cmr/m/n/10 = [] [] [] [] [][]  = [] [] \OML/cmm/m/it/10 V[] 
 []


! LaTeX Error: Missing \begin{document}.

See the LaTeX manual or LaTeX Companion for explanation.
Type  H <return>  for immediate help.
 ...                                              
                                                  
l.488 \begin{equation}
                      
You're in trouble here.  Try typing  <return>  to proceed.
If that doesn't work, type  X <return>  to quit.


Overfull \hbox (20.0pt too wide) in paragraph at lines 488--488
[] 
 []


! LaTeX Error: Environment split undefined.

See the LaTeX manual or LaTeX Companion for explanation.
Type  H <return>  for immediate help.
 ...                                              
                                                  
l.489 \begin{split}
                   
Your command was ignored.
Type  I <command> <return>  to replace it with another command,
or  <return>  to continue without it.

! Undefined control sequence.
l.490 \frac{2}{A^2} \pder
                         {|u|^2}{X}  &= \frac{W_x W_y}{\pi} (4W_x^2(x-X)) \e...
The control sequence at the end of the top line
of your error message was never \def'ed. If you have
misspelled it (e.g., `\hobx'), type `I' and the correct
spelling (e.g., `I\hbox'). Otherwise just continue,
and I'll forget about whatever was undefined.

! Misplaced alignment tab character &.
l.490 \frac{2}{A^2} \pder{|u|^2}{X}  &
                                      = \frac{W_x W_y}{\pi} (4W_x^2(x-X)) \e...
I can't figure out why you would want to use a tab mark
here. If you just want an ampersand, the remedy is
simple: Just type `I\&' now. But if some right brace
up above has ended a previous alignment prematurely,
you're probably due for more error messages, and you
might try typing `S' now just to see what is salvageable.

! Misplaced alignment tab character &.
<recently read> &
                 
l.492 &
       =  4 W_x^2(x-X) V\\
I can't figure out why you would want to use a tab mark
here. If you just want an ampersand, the remedy is
simple: Just type `I\&' now. But if some right brace
up above has ended a previous alignment prematurely,
you're probably due for more error messages, and you
might try typing `S' now just to see what is salvageable.

! Undefined control sequence.
l.493 \frac{2}{A^2} \pder
                         {|u|^2}{Y}  &= \frac{W_x W_y}{\pi} (4W_y^2(y-Y)) \e...
The control sequence at the end of the top line
of your error message was never \def'ed. If you have
misspelled it (e.g., `\hobx'), type `I' and the correct
spelling (e.g., `I\hbox'). Otherwise just continue,
and I'll forget about whatever was undefined.

! Misplaced alignment tab character &.
l.493 \frac{2}{A^2} \pder{|u|^2}{Y}  &
                                      = \frac{W_x W_y}{\pi} (4W_y^2(y-Y)) \e...
I can't figure out why you would want to use a tab mark
here. If you just want an ampersand, the remedy is
simple: Just type `I\&' now. But if some right brace
up above has ended a previous alignment prematurely,
you're probably due for more error messages, and you
might try typing `S' now just to see what is salvageable.

! Misplaced alignment tab character &.
<recently read> &
                 
l.494 &
       =  4 W_y^2(y-Y) V\\
I can't figure out why you would want to use a tab mark
here. If you just want an ampersand, the remedy is
simple: Just type `I\&' now. But if some right brace
up above has ended a previous alignment prematurely,
you're probably due for more error messages, and you
might try typing `S' now just to see what is salvageable.


! LaTeX Error: \begin{equation} on input line 488 ended by \end{split}.

See the LaTeX manual or LaTeX Companion for explanation.
Type  H <return>  for immediate help.
 ...                                              
                                                  
l.495 \end{split}
                 
Your command was ignored.
Type  I <command> <return>  to replace it with another command,
or  <return>  to continue without it.


Overfull \hbox (738.56993pt too wide) detected at line 496
[][]\OML/cmm/m/it/10 X \OT1/cmr/m/n/10 = [](4\OML/cmm/m/it/10 W[]\OT1/cmr/m/n/1
0 (\OML/cmm/m/it/10 x \OMS/cmsy/m/n/10 ^^@ \OML/cmm/m/it/10 X\OT1/cmr/m/n/10 ))
 [] [][]  = 4\OML/cmm/m/it/10 W[]\OT1/cmr/m/n/10 (\OML/cmm/m/it/10 x \OMS/cmsy/
m/n/10 ^^@ \OML/cmm/m/it/10 X\OT1/cmr/m/n/10 )\OML/cmm/m/it/10 V[] [][]Y \OT1/c
mr/m/n/10 = [](4\OML/cmm/m/it/10 W[]\OT1/cmr/m/n/10 (\OML/cmm/m/it/10 y \OMS/cm
sy/m/n/10 ^^@ \OML/cmm/m/it/10 Y\OT1/cmr/m/n/10 )) [] [][]  = 4\OML/cmm/m/it/10
 W[]\OT1/cmr/m/n/10 (\OML/cmm/m/it/10 y \OMS/cmsy/m/n/10 ^^@ \OML/cmm/m/it/10 Y
\OT1/cmr/m/n/10 )\OML/cmm/m/it/10 V[] 
 []


! LaTeX Error: Missing \begin{document}.

See the LaTeX manual or LaTeX Companion for explanation.
Type  H <return>  for immediate help.
 ...                                              
                                                  
l.498 \begin{equation}
                      
You're in trouble here.  Try typing  <return>  to proceed.
If that doesn't work, type  X <return>  to quit.


Overfull \hbox (20.0pt too wide) in paragraph at lines 498--498
[] 
 []


! LaTeX Error: Environment split undefined.

See the LaTeX manual or LaTeX Companion for explanation.
Type  H <return>  for immediate help.
 ...                                              
                                                  
l.499 \begin{split}
                   
Your command was ignored.
Type  I <command> <return>  to replace it with another command,
or  <return>  to continue without it.

! Undefined control sequence.
l.500 \frac{W_{x}^3}{A^2}\pder
                              {|u|^2}{W_{x}} &= \left(1  - 2 W_{x}^2 (x-X)^2...
The control sequence at the end of the top line
of your error message was never \def'ed. If you have
misspelled it (e.g., `\hobx'), type `I' and the correct
spelling (e.g., `I\hbox'). Otherwise just continue,
and I'll forget about whatever was undefined.

! Misplaced alignment tab character &.
l.500 \frac{W_{x}^3}{A^2}\pder{|u|^2}{W_{x}} &
                                              = \left(1  - 2 W_{x}^2 (x-X)^2...
I can't figure out why you would want to use a tab mark
here. If you just want an ampersand, the remedy is
simple: Just type `I\&' now. But if some right brace
up above has ended a previous alignment prematurely,
you're probably due for more error messages, and you
might try typing `S' now just to see what is salvageable.

! Misplaced alignment tab character &.
<recently read> &
                 
l.501 &
       = W_{x}^2 \left(1  - 2 W_{x}^2 (x-X)^2  \right) V \\
I can't figure out why you would want to use a tab mark
here. If you just want an ampersand, the remedy is
simple: Just type `I\&' now. But if some right brace
up above has ended a previous alignment prematurely,
you're probably due for more error messages, and you
might try typing `S' now just to see what is salvageable.

! Undefined control sequence.
l.502 \frac{W_{y}^3}{A^2}\pder
                              {|u|^2}{W_{y}} &= \left(1  - 2 W_{y}^2 (y-Y)^2...
The control sequence at the end of the top line
of your error message was never \def'ed. If you have
misspelled it (e.g., `\hobx'), type `I' and the correct
spelling (e.g., `I\hbox'). Otherwise just continue,
and I'll forget about whatever was undefined.

! Misplaced alignment tab character &.
l.502 \frac{W_{y}^3}{A^2}\pder{|u|^2}{W_{y}} &
                                              = \left(1  - 2 W_{y}^2 (y-Y)^2...
I can't figure out why you would want to use a tab mark
here. If you just want an ampersand, the remedy is
simple: Just type `I\&' now. But if some right brace
up above has ended a previous alignment prematurely,
you're probably due for more error messages, and you
might try typing `S' now just to see what is salvageable.

! Misplaced alignment tab character &.
<recently read> &
                 
l.503 &
       = W_{y}^2 \left(1  - 2 W_{y}^2 (y-Y)^2  \right) V \\
I can't figure out why you would want to use a tab mark
here. If you just want an ampersand, the remedy is
simple: Just type `I\&' now. But if some right brace
up above has ended a previous alignment prematurely,
you're probably due for more error messages, and you
might try typing `S' now just to see what is salvageable.


! LaTeX Error: \begin{equation} on input line 498 ended by \end{split}.

See the LaTeX manual or LaTeX Companion for explanation.
Type  H <return>  for immediate help.
 ...                                              
                                                  
l.504 \end{split}
                 
Your command was ignored.
Type  I <command> <return>  to replace it with another command,
or  <return>  to continue without it.


Overfull \hbox (925.13876pt too wide) detected at line 505
[][][] \OT1/cmr/m/n/10 = [] [] [] [][]  = \OML/cmm/m/it/10 W[] [] V[] [][][] \O
T1/cmr/m/n/10 = [] [] [] [][]  = \OML/cmm/m/it/10 W[] [] V[] 
 []

)
! Emergency stop.
<*> General_Anzats.tex
                      
*** (job aborted, no legal \end found)

 
Here is how much of TeX's memory you used:
 26 strings out of 483065
 506 string characters out of 5963550
 266997 words of memory out of 5000000
 15157 multiletter control sequences out of 15000+600000
 532338 words of font info for 24 fonts, out of 8000000 for 9000
 81 hyphenation exceptions out of 8191
 18i,5n,15p,311b,101s stack positions out of 5000i,500n,10000p,200000b,80000s
!  ==> Fatal error occurred, no output PDF file produced!
